id,origin_file
nt-0,csv/204-csv/590.csv
nt-1,csv/204-csv/622.csv
nt-2,csv/204-csv/772.csv
nt-3,csv/203-csv/515.csv
nt-4,csv/204-csv/495.csv
nt-5,csv/203-csv/705.csv
nt-6,csv/204-csv/361.csv
nt-7,csv/204-csv/341.csv
nt-8,csv/203-csv/564.csv
nt-9,csv/203-csv/116.csv
nt-10,csv/204-csv/253.csv
nt-11,csv/203-csv/646.csv
nt-12,csv/204-csv/841.csv
nt-13,csv/204-csv/133.csv
nt-14,csv/203-csv/104.csv
nt-15,csv/204-csv/706.csv
nt-16,csv/204-csv/227.csv
nt-17,csv/204-csv/299.csv
nt-18,csv/201-csv/21.csv
nt-19,csv/204-csv/475.csv
nt-20,csv/202-csv/184.csv
nt-21,csv/204-csv/430.csv
nt-22,csv/203-csv/774.csv
nt-23,csv/204-csv/849.csv
nt-24,csv/203-csv/812.csv
nt-25,csv/203-csv/36.csv
nt-26,csv/204-csv/256.csv
nt-27,csv/203-csv/95.csv
nt-28,csv/203-csv/580.csv
nt-29,csv/204-csv/6.csv
nt-30,csv/203-csv/577.csv
nt-31,csv/203-csv/743.csv
nt-32,csv/204-csv/873.csv
nt-33,csv/203-csv/569.csv
nt-34,csv/204-csv/552.csv
nt-35,csv/204-csv/144.csv
nt-36,csv/204-csv/879.csv
nt-37,csv/203-csv/136.csv
nt-38,csv/204-csv/920.csv
nt-39,csv/204-csv/946.csv
nt-40,csv/203-csv/175.csv
nt-41,csv/204-csv/172.csv
nt-42,csv/203-csv/558.csv
nt-43,csv/202-csv/73.csv
nt-44,csv/204-csv/387.csv
nt-45,csv/204-csv/961.csv
nt-46,csv/204-csv/664.csv
nt-47,csv/204-csv/363.csv
nt-48,csv/203-csv/698.csv
nt-49,csv/203-csv/634.csv
nt-50,csv/204-csv/725.csv
nt-51,csv/203-csv/652.csv
nt-52,csv/203-csv/322.csv
nt-53,csv/203-csv/375.csv
nt-54,csv/204-csv/847.csv
nt-55,csv/203-csv/799.csv
nt-56,csv/203-csv/611.csv
nt-57,csv/203-csv/727.csv
nt-58,csv/204-csv/615.csv
nt-59,csv/203-csv/873.csv
nt-60,csv/204-csv/260.csv
nt-61,csv/204-csv/246.csv
nt-62,csv/203-csv/393.csv
nt-63,csv/204-csv/332.csv
nt-64,csv/204-csv/109.csv
nt-65,csv/203-csv/312.csv
nt-66,csv/203-csv/570.csv
nt-67,csv/203-csv/631.csv
nt-68,csv/204-csv/568.csv
nt-69,csv/203-csv/703.csv
nt-70,csv/203-csv/577.csv
nt-71,csv/203-csv/470.csv
nt-72,csv/203-csv/198.csv
nt-73,csv/203-csv/246.csv
nt-74,csv/203-csv/367.csv
nt-75,csv/204-csv/356.csv
nt-76,csv/204-csv/891.csv
nt-77,csv/203-csv/603.csv
nt-78,csv/204-csv/471.csv
nt-79,csv/203-csv/601.csv
nt-80,csv/203-csv/535.csv
nt-81,csv/204-csv/89.csv
nt-82,csv/204-csv/610.csv
nt-83,csv/204-csv/984.csv
nt-84,csv/204-csv/643.csv
nt-85,csv/204-csv/650.csv
nt-86,csv/203-csv/139.csv
nt-87,csv/203-csv/563.csv
nt-88,csv/204-csv/335.csv
nt-89,csv/204-csv/536.csv
nt-90,csv/204-csv/605.csv
nt-91,csv/204-csv/654.csv
nt-92,csv/204-csv/668.csv
nt-93,csv/204-csv/608.csv
nt-94,csv/204-csv/23.csv
nt-95,csv/203-csv/189.csv
nt-96,csv/203-csv/568.csv
nt-97,csv/204-csv/343.csv
nt-98,csv/203-csv/4.csv
nt-99,csv/203-csv/698.csv
nt-100,csv/203-csv/288.csv
nt-101,csv/203-csv/314.csv
nt-102,csv/203-csv/190.csv
nt-103,csv/204-csv/422.csv
nt-104,csv/204-csv/969.csv
nt-105,csv/204-csv/223.csv
nt-106,csv/204-csv/575.csv
nt-107,csv/204-csv/952.csv
nt-108,csv/203-csv/136.csv
nt-109,csv/204-csv/809.csv
nt-110,csv/204-csv/806.csv
nt-111,csv/204-csv/476.csv
nt-112,csv/204-csv/102.csv
nt-113,csv/203-csv/592.csv
nt-114,csv/204-csv/956.csv
nt-115,csv/204-csv/741.csv
nt-116,csv/203-csv/362.csv
nt-117,csv/203-csv/668.csv
nt-118,csv/204-csv/223.csv
nt-119,csv/203-csv/121.csv
nt-120,csv/204-csv/836.csv
nt-121,csv/204-csv/229.csv
nt-122,csv/204-csv/32.csv
nt-123,csv/204-csv/255.csv
nt-124,csv/203-csv/554.csv
nt-125,csv/203-csv/375.csv
nt-126,csv/203-csv/502.csv
nt-127,csv/203-csv/145.csv
nt-128,csv/203-csv/102.csv
nt-129,csv/203-csv/558.csv
nt-130,csv/204-csv/969.csv
nt-131,csv/203-csv/691.csv
nt-132,csv/204-csv/336.csv
nt-133,csv/203-csv/502.csv
nt-134,csv/204-csv/794.csv
nt-135,csv/203-csv/189.csv
nt-136,csv/204-csv/948.csv
nt-137,csv/203-csv/296.csv
nt-138,csv/203-csv/60.csv
nt-139,csv/204-csv/413.csv
nt-140,csv/203-csv/643.csv
nt-141,csv/203-csv/517.csv
nt-142,csv/204-csv/557.csv
nt-143,csv/204-csv/20.csv
nt-144,csv/203-csv/646.csv
nt-145,csv/203-csv/17.csv
nt-146,csv/204-csv/467.csv
nt-147,csv/204-csv/346.csv
nt-148,csv/204-csv/786.csv
nt-149,csv/203-csv/223.csv
nt-150,csv/203-csv/568.csv
nt-151,csv/203-csv/3.csv
nt-152,csv/204-csv/451.csv
nt-153,csv/204-csv/102.csv
nt-154,csv/204-csv/358.csv
nt-155,csv/203-csv/43.csv
nt-156,csv/204-csv/475.csv
nt-157,csv/204-csv/341.csv
nt-158,csv/204-csv/25.csv
nt-159,csv/204-csv/944.csv
nt-160,csv/204-csv/884.csv
nt-161,csv/204-csv/445.csv
nt-162,csv/204-csv/804.csv
nt-163,csv/204-csv/357.csv
nt-164,csv/204-csv/843.csv
nt-165,csv/204-csv/592.csv
nt-166,csv/204-csv/622.csv
nt-167,csv/204-csv/816.csv
nt-168,csv/204-csv/928.csv
nt-169,csv/203-csv/362.csv
nt-170,csv/204-csv/476.csv
nt-171,csv/204-csv/157.csv
nt-172,csv/204-csv/500.csv
nt-173,csv/202-csv/178.csv
nt-174,csv/204-csv/162.csv
nt-175,csv/204-csv/679.csv
nt-176,csv/204-csv/31.csv
nt-177,csv/202-csv/250.csv
nt-178,csv/204-csv/533.csv
nt-179,csv/203-csv/324.csv
nt-180,csv/202-csv/76.csv
nt-181,csv/203-csv/189.csv
nt-182,csv/203-csv/517.csv
nt-183,csv/203-csv/385.csv
nt-184,csv/204-csv/967.csv
nt-185,csv/204-csv/299.csv
nt-186,csv/204-csv/916.csv
nt-187,csv/204-csv/330.csv
nt-188,csv/203-csv/583.csv
nt-189,csv/204-csv/550.csv
nt-190,csv/203-csv/559.csv
nt-191,csv/203-csv/515.csv
nt-192,csv/204-csv/357.csv
nt-193,csv/204-csv/294.csv
nt-194,csv/203-csv/174.csv
nt-195,csv/203-csv/197.csv
nt-196,csv/204-csv/360.csv
nt-197,csv/204-csv/7.csv
nt-198,csv/203-csv/209.csv
nt-199,csv/204-csv/575.csv
nt-200,csv/204-csv/39.csv
nt-201,csv/204-csv/572.csv
nt-202,csv/204-csv/841.csv
nt-203,csv/204-csv/226.csv
nt-204,csv/203-csv/145.csv
nt-205,csv/204-csv/89.csv
nt-206,csv/203-csv/339.csv
nt-207,csv/204-csv/577.csv
nt-208,csv/201-csv/27.csv
nt-209,csv/204-csv/529.csv
nt-210,csv/204-csv/713.csv
nt-211,csv/204-csv/179.csv
nt-212,csv/203-csv/357.csv
nt-213,csv/204-csv/837.csv
nt-214,csv/202-csv/231.csv
nt-215,csv/203-csv/536.csv
nt-216,csv/203-csv/830.csv
nt-217,csv/204-csv/806.csv
nt-218,csv/204-csv/35.csv
nt-219,csv/203-csv/769.csv
nt-220,csv/200-csv/31.csv
nt-221,csv/203-csv/399.csv
nt-222,csv/204-csv/781.csv
nt-223,csv/202-csv/294.csv
nt-224,csv/203-csv/592.csv
nt-225,csv/204-csv/20.csv
nt-226,csv/203-csv/517.csv
nt-227,csv/203-csv/55.csv
nt-228,csv/204-csv/793.csv
nt-229,csv/204-csv/593.csv
nt-230,csv/204-csv/81.csv
nt-231,csv/203-csv/109.csv
nt-232,csv/204-csv/375.csv
nt-233,csv/203-csv/95.csv
nt-234,csv/204-csv/770.csv
nt-235,csv/204-csv/985.csv
nt-236,csv/204-csv/561.csv
nt-237,csv/204-csv/546.csv
nt-238,csv/204-csv/335.csv
nt-239,csv/203-csv/836.csv
nt-240,csv/203-csv/777.csv
nt-241,csv/203-csv/231.csv
nt-242,csv/204-csv/850.csv
nt-243,csv/203-csv/24.csv
nt-244,csv/204-csv/145.csv
nt-245,csv/200-csv/1.csv
nt-246,csv/203-csv/724.csv
nt-247,csv/203-csv/157.csv
nt-248,csv/204-csv/913.csv
nt-249,csv/204-csv/443.csv
nt-250,csv/204-csv/267.csv
nt-251,csv/204-csv/785.csv
nt-252,csv/203-csv/531.csv
nt-253,csv/203-csv/446.csv
nt-254,csv/203-csv/855.csv
nt-255,csv/204-csv/666.csv
nt-256,csv/203-csv/14.csv
nt-257,csv/203-csv/570.csv
nt-258,csv/204-csv/351.csv
nt-259,csv/204-csv/927.csv
nt-260,csv/203-csv/788.csv
nt-261,csv/204-csv/449.csv
nt-262,csv/201-csv/3.csv
nt-263,csv/204-csv/227.csv
nt-264,csv/203-csv/837.csv
nt-265,csv/204-csv/186.csv
nt-266,csv/203-csv/573.csv
nt-267,csv/204-csv/526.csv
nt-268,csv/204-csv/587.csv
nt-269,csv/204-csv/691.csv
nt-270,csv/204-csv/396.csv
nt-271,csv/203-csv/806.csv
nt-272,csv/203-csv/838.csv
nt-273,csv/203-csv/823.csv
nt-274,csv/204-csv/532.csv
nt-275,csv/204-csv/314.csv
nt-276,csv/203-csv/204.csv
nt-277,csv/204-csv/53.csv
nt-278,csv/204-csv/935.csv
nt-279,csv/203-csv/379.csv
nt-280,csv/203-csv/532.csv
nt-281,csv/203-csv/313.csv
nt-282,csv/203-csv/430.csv
nt-283,csv/203-csv/783.csv
nt-284,csv/203-csv/104.csv
nt-285,csv/203-csv/35.csv
nt-286,csv/203-csv/717.csv
nt-287,csv/204-csv/785.csv
nt-288,csv/204-csv/831.csv
nt-289,csv/204-csv/207.csv
nt-290,csv/204-csv/990.csv
nt-291,csv/204-csv/882.csv
nt-292,csv/204-csv/595.csv
nt-293,csv/203-csv/229.csv
nt-294,csv/203-csv/67.csv
nt-295,csv/204-csv/959.csv
nt-296,csv/204-csv/202.csv
nt-297,csv/203-csv/146.csv
nt-298,csv/204-csv/761.csv
nt-299,csv/204-csv/495.csv
