id,source file,table title,url
nt-0,csv/204-csv/590.csv,Portland Timbers (2001–10),http://en.wikipedia.org/wiki?action=render&curid=14240688&oldid=599565109
nt-1,csv/204-csv/622.csv,Piotr Kędzia,http://en.wikipedia.org/wiki?action=render&curid=35891489&oldid=589337922
nt-2,csv/204-csv/772.csv,Leinster Intermediate Club Football Championship,http://en.wikipedia.org/wiki?action=render&curid=7694092&oldid=602419775
nt-3,csv/203-csv/515.csv,Playa de Oro International Airport,http://en.wikipedia.org/wiki?action=render&curid=1847699&oldid=600814123
nt-4,csv/204-csv/495.csv,1987–88 Luton Town F.C. season,http://en.wikipedia.org/wiki?action=render&curid=22715615&oldid=589843593
nt-5,csv/203-csv/705.csv,Maryland's 5th congressional district,http://en.wikipedia.org/wiki?action=render&curid=3881134&oldid=597402618
nt-6,csv/204-csv/361.csv,1997–98 Svenska Cupen,http://en.wikipedia.org/wiki?action=render&curid=33789528&oldid=596438221
nt-7,csv/204-csv/341.csv,List of lakes of Turkey,http://en.wikipedia.org/wiki?action=render&curid=11234543&oldid=587898552
nt-8,csv/203-csv/564.csv,Super Aces,http://en.wikipedia.org/wiki?action=render&curid=11200856&oldid=578488589
nt-9,csv/203-csv/116.csv,Estonia men's national volleyball team,http://en.wikipedia.org/wiki?action=render&curid=17938337&oldid=589489953
nt-10,csv/204-csv/253.csv,1990 Superbike World Championship season,http://en.wikipedia.org/wiki?action=render&curid=13328108&oldid=572979184
nt-11,csv/203-csv/646.csv,Yelena Koshcheyeva,http://en.wikipedia.org/wiki?action=render&curid=6779017&oldid=589725007
nt-12,csv/204-csv/841.csv,Shikoku Pilgrimage,http://en.wikipedia.org/wiki?action=render&curid=1706438&oldid=551579012
nt-13,csv/204-csv/133.csv,Computer Applications (UIL),http://en.wikipedia.org/wiki?action=render&curid=14747043&oldid=537460900
nt-14,csv/203-csv/104.csv,List of Olympic medalists in figure skating,http://en.wikipedia.org/wiki?action=render&curid=4520234&oldid=600897923
nt-15,csv/204-csv/706.csv,Huang Le,http://en.wikipedia.org/wiki?action=render&curid=17919901&oldid=579913983
nt-16,csv/204-csv/227.csv,1982 Winnipeg Blue Bombers season,http://en.wikipedia.org/wiki?action=render&curid=30250835&oldid=567485196
nt-17,csv/204-csv/299.csv,List of places in Arkansas: A,http://en.wikipedia.org/wiki?action=render&curid=3074704&oldid=427609986
nt-18,csv/201-csv/21.csv,Christopher Eccleston,http://en.wikipedia.org/wiki?action=render&curid=461437&oldid=601714334
nt-19,csv/204-csv/475.csv,1978–79 Scottish League Cup,http://en.wikipedia.org/wiki?action=render&curid=34686500&oldid=561377976
nt-20,csv/202-csv/184.csv,Schnell Fenster,http://en.wikipedia.org/wiki?action=render&curid=904523&oldid=575942415
nt-21,csv/204-csv/430.csv,List of equipment of the Philippine Army,http://en.wikipedia.org/wiki?action=render&curid=39753188&oldid=601956484
nt-22,csv/203-csv/774.csv,Port vessels of the Royal New Zealand Navy,http://en.wikipedia.org/wiki?action=render&curid=15905663&oldid=493618720
nt-23,csv/204-csv/849.csv,Athletics at the 2001 Goodwill Games – Results,http://en.wikipedia.org/wiki?action=render&curid=41270744&oldid=585164734
nt-24,csv/203-csv/812.csv,1995 World Wrestling Championships,http://en.wikipedia.org/wiki?action=render&curid=15379441&oldid=578052996
nt-25,csv/203-csv/36.csv,List of parishes in the Diocese of Salford,http://en.wikipedia.org/wiki?action=render&curid=20489407&oldid=594152809
nt-26,csv/204-csv/256.csv,1998–99 Segunda División,http://en.wikipedia.org/wiki?action=render&curid=12087037&oldid=557638033
nt-27,csv/203-csv/95.csv,South Carolina House of Representatives,http://en.wikipedia.org/wiki?action=render&curid=913490&oldid=583140238
nt-28,csv/203-csv/580.csv,List of Lego video games,http://en.wikipedia.org/wiki?action=render&curid=3551842&oldid=601721028
nt-29,csv/204-csv/6.csv,Tomponsky District,http://en.wikipedia.org/wiki?action=render&curid=19835220&oldid=588839953
nt-30,csv/203-csv/577.csv,Alabama Crimson Tide baseball,http://en.wikipedia.org/wiki?action=render&curid=17526783&oldid=602303887
nt-31,csv/203-csv/743.csv,Cello (web browser),http://en.wikipedia.org/wiki?action=render&curid=49390&oldid=600000883
nt-32,csv/204-csv/873.csv,Spouse of the President of the People's Republic of China,http://en.wikipedia.org/wiki?action=render&curid=39660677&oldid=596363793
nt-33,csv/203-csv/569.csv,List of spiral galaxies,http://en.wikipedia.org/wiki?action=render&curid=8633658&oldid=601665214
nt-34,csv/204-csv/552.csv,2009–10 UCI Track Cycling World Cup Classics – Round 2 – Women's scratch race,http://en.wikipedia.org/wiki?action=render&curid=39647654&oldid=601406649
nt-35,csv/204-csv/144.csv,Señorita Panamá 1995,http://en.wikipedia.org/wiki?action=render&curid=34442281&oldid=546931501
nt-36,csv/204-csv/879.csv,National Academic Quiz Tournaments,http://en.wikipedia.org/wiki?action=render&curid=213480&oldid=602112840
nt-37,csv/203-csv/136.csv,IBM Personal System/2,http://en.wikipedia.org/wiki?action=render&curid=218204&oldid=601574823
nt-38,csv/204-csv/920.csv,Lori Chalupny,http://en.wikipedia.org/wiki?action=render&curid=12265902&oldid=594766047
nt-39,csv/204-csv/946.csv,1999 Miller Lite 225,http://en.wikipedia.org/wiki?action=render&curid=35030286&oldid=564133058
nt-40,csv/203-csv/175.csv,Sailing at the 2004 Summer Olympics,http://en.wikipedia.org/wiki?action=render&curid=850647&oldid=600444905
nt-41,csv/204-csv/172.csv,Miss Pokhara,http://en.wikipedia.org/wiki?action=render&curid=39971119&oldid=600810311
nt-42,csv/203-csv/558.csv,Pan-democracy camp,http://en.wikipedia.org/wiki?action=render&curid=3291227&oldid=599199142
nt-43,csv/202-csv/73.csv,Sussex County Football League,http://en.wikipedia.org/wiki?action=render&curid=696677&oldid=568213603
nt-44,csv/204-csv/387.csv,List of players who have converted from one football code to another,http://en.wikipedia.org/wiki?action=render&curid=3938277&oldid=600267929
nt-45,csv/204-csv/961.csv,List of Tamil films of 1943,http://en.wikipedia.org/wiki?action=render&curid=23649383&oldid=598246232
nt-46,csv/204-csv/664.csv,Biathlon World Championships 2013 – Men's pursuit,http://en.wikipedia.org/wiki?action=render&curid=38470531&oldid=595045556
nt-47,csv/204-csv/363.csv,Brock Lesnar,http://en.wikipedia.org/wiki?action=render&curid=316592&oldid=601139712
nt-48,csv/203-csv/698.csv,National Democratic Party of Germany,http://en.wikipedia.org/wiki?action=render&curid=424675&oldid=601959535
nt-49,csv/203-csv/634.csv,History of rugby union matches between New Zealand and Wales,http://en.wikipedia.org/wiki?action=render&curid=18929749&oldid=592130198
nt-50,csv/204-csv/725.csv,Karate at the 1994 Asian Games,http://en.wikipedia.org/wiki?action=render&curid=36904152&oldid=597219287
nt-51,csv/203-csv/652.csv,Eliseo Quintanilla,http://en.wikipedia.org/wiki?action=render&curid=1013185&oldid=596839393
nt-52,csv/203-csv/322.csv,2005–06 Top 14 season,http://en.wikipedia.org/wiki?action=render&curid=5324256&oldid=551298233
nt-53,csv/203-csv/375.csv,Aerial lift pylon,http://en.wikipedia.org/wiki?action=render&curid=4118725&oldid=591346458
nt-54,csv/204-csv/847.csv,BG Karlsruhe,http://en.wikipedia.org/wiki?action=render&curid=21245680&oldid=558408370
nt-55,csv/203-csv/799.csv,Whitney (album),http://en.wikipedia.org/wiki?action=render&curid=1220392&oldid=601050773
nt-56,csv/203-csv/611.csv,500 home run club,http://en.wikipedia.org/wiki?action=render&curid=840099&oldid=599281929
nt-57,csv/203-csv/727.csv,Miss Northern Ireland,http://en.wikipedia.org/wiki?action=render&curid=4536574&oldid=582097658
nt-58,csv/204-csv/615.csv,2007–08 Wisconsin Badgers women's ice hockey season,http://en.wikipedia.org/wiki?action=render&curid=27721295&oldid=569264639
nt-59,csv/203-csv/873.csv,Disk'O,http://en.wikipedia.org/wiki?action=render&curid=7184741&oldid=599154457
nt-60,csv/204-csv/260.csv,Clint Newton,http://en.wikipedia.org/wiki?action=render&curid=3567310&oldid=600424659
nt-61,csv/204-csv/246.csv,"Bolivian general election, 2014",http://en.wikipedia.org/wiki?action=render&curid=39445965&oldid=601374074
nt-62,csv/203-csv/393.csv,Annapurna Studios,http://en.wikipedia.org/wiki?action=render&curid=6891148&oldid=599598411
nt-63,csv/204-csv/332.csv,"Saint Helena, Ascension and Tristan da Cunha",http://en.wikipedia.org/wiki?action=render&curid=24481846&oldid=601256938
nt-64,csv/204-csv/109.csv,"United States House of Representatives elections, 1824",http://en.wikipedia.org/wiki?action=render&curid=2668264&oldid=577525015
nt-65,csv/203-csv/312.csv,Australian Institute of Sport Football Program,http://en.wikipedia.org/wiki?action=render&curid=2880018&oldid=600174087
nt-66,csv/203-csv/570.csv,The Boys (comics),http://en.wikipedia.org/wiki?action=render&curid=5625031&oldid=600448652
nt-67,csv/203-csv/631.csv,Charmaine Sheh,http://en.wikipedia.org/wiki?action=render&curid=2455458&oldid=601840092
nt-68,csv/204-csv/568.csv,Type 21 frigate,http://en.wikipedia.org/wiki?action=render&curid=485779&oldid=597052066
nt-69,csv/203-csv/703.csv,Kansas–Kansas State football rivalry,http://en.wikipedia.org/wiki?action=render&curid=3248400&oldid=593969492
nt-70,csv/203-csv/577.csv,Alabama Crimson Tide baseball,http://en.wikipedia.org/wiki?action=render&curid=17526783&oldid=602303887
nt-71,csv/203-csv/470.csv,1974–75 Buffalo Sabres season,http://en.wikipedia.org/wiki?action=render&curid=14147185&oldid=551349355
nt-72,csv/203-csv/198.csv,Jonathan Cochet,http://en.wikipedia.org/wiki?action=render&curid=12734682&oldid=596373350
nt-73,csv/203-csv/246.csv,Toray Arrows (women's volleyball team),http://en.wikipedia.org/wiki?action=render&curid=7872719&oldid=583465481
nt-74,csv/203-csv/367.csv,Mexican Grand Prix,http://en.wikipedia.org/wiki?action=render&curid=1108831&oldid=600474065
nt-75,csv/204-csv/356.csv,List of places in California (Y),http://en.wikipedia.org/wiki?action=render&curid=2707777&oldid=519504457
nt-76,csv/204-csv/891.csv,Shaoshan,http://en.wikipedia.org/wiki?action=render&curid=213296&oldid=587339925
nt-77,csv/203-csv/603.csv,MXR Yorkshire,http://en.wikipedia.org/wiki?action=render&curid=5328839&oldid=575594885
nt-78,csv/204-csv/471.csv,Willy DeVille discography,http://en.wikipedia.org/wiki?action=render&curid=22539794&oldid=584258826
nt-79,csv/203-csv/601.csv,Military transport aircraft,http://en.wikipedia.org/wiki?action=render&curid=6603263&oldid=589495097
nt-80,csv/203-csv/535.csv,2003 World Championships in Athletics,http://en.wikipedia.org/wiki?action=render&curid=307313&oldid=593593563
nt-81,csv/204-csv/89.csv,2002 NASCAR Craftsman Truck Series,http://en.wikipedia.org/wiki?action=render&curid=5286599&oldid=580341190
nt-82,csv/204-csv/610.csv,Almirall,http://en.wikipedia.org/wiki?action=render&curid=6840218&oldid=578219393
nt-83,csv/204-csv/984.csv,Kazakhstan,http://en.wikipedia.org/wiki?action=render&curid=16642&oldid=602424190
nt-84,csv/204-csv/643.csv,Rimi Natsukawa discography,http://en.wikipedia.org/wiki?action=render&curid=26026019&oldid=560975474
nt-85,csv/204-csv/650.csv,Ipswich Town F.C. Player of the Year,http://en.wikipedia.org/wiki?action=render&curid=13926824&oldid=561647290
nt-86,csv/203-csv/139.csv,List of political parties in Serbia,http://en.wikipedia.org/wiki?action=render&curid=396384&oldid=601430955
nt-87,csv/203-csv/563.csv,United States Court of Appeals for the Fifth Circuit,http://en.wikipedia.org/wiki?action=render&curid=428326&oldid=588468270
nt-88,csv/204-csv/335.csv,Jim Osborne (tennis),http://en.wikipedia.org/wiki?action=render&curid=22670399&oldid=579100289
nt-89,csv/204-csv/536.csv,PBA Bowling Tour: 1966 Season,http://en.wikipedia.org/wiki?action=render&curid=36788264&oldid=595356824
nt-90,csv/204-csv/605.csv,1984–85 Manchester United F.C. season,http://en.wikipedia.org/wiki?action=render&curid=22529423&oldid=594279058
nt-91,csv/204-csv/654.csv,Maxi Priest,http://en.wikipedia.org/wiki?action=render&curid=1019343&oldid=597755482
nt-92,csv/204-csv/668.csv,Menteri Besar of Johor,http://en.wikipedia.org/wiki?action=render&curid=31511216&oldid=573502794
nt-93,csv/204-csv/608.csv,List of Members of the Canadian House of Commons with military service (P),http://en.wikipedia.org/wiki?action=render&curid=6122968&oldid=524718284
nt-94,csv/204-csv/23.csv,List of ECW World Tag Team Champions,http://en.wikipedia.org/wiki?action=render&curid=1905337&oldid=595814129
nt-95,csv/203-csv/189.csv,Habte Jifar,http://en.wikipedia.org/wiki?action=render&curid=4436363&oldid=556873889
nt-96,csv/203-csv/568.csv,List of towns in the Faroe Islands,http://en.wikipedia.org/wiki?action=render&curid=716931&oldid=574576310
nt-97,csv/204-csv/343.csv,Krag-Jørgensen,http://en.wikipedia.org/wiki?action=render&curid=17275&oldid=601887038
nt-98,csv/203-csv/4.csv,France at the 2000 Summer Olympics,http://en.wikipedia.org/wiki?action=render&curid=1745328&oldid=579050085
nt-99,csv/203-csv/698.csv,National Democratic Party of Germany,http://en.wikipedia.org/wiki?action=render&curid=424675&oldid=601959535
nt-100,csv/203-csv/288.csv,Academy Fantasia,http://en.wikipedia.org/wiki?action=render&curid=9868533&oldid=590095945
nt-101,csv/203-csv/314.csv,1947 European Amateur Boxing Championships,http://en.wikipedia.org/wiki?action=render&curid=14129554&oldid=601550787
nt-102,csv/203-csv/190.csv,List of states in the Holy Roman Empire (U),http://en.wikipedia.org/wiki?action=render&curid=8392171&oldid=506472782
nt-103,csv/204-csv/422.csv,Swimming at the 2012 Summer Paralympics – Women's 200 metre individual medley SM10,http://en.wikipedia.org/wiki?action=render&curid=37068667&oldid=573372676
nt-104,csv/204-csv/969.csv,Music based on the works of Oscar Wilde,http://en.wikipedia.org/wiki?action=render&curid=21715268&oldid=592932552
nt-105,csv/204-csv/223.csv,"Coventry Council election, 2007",http://en.wikipedia.org/wiki?action=render&curid=11051308&oldid=583182229
nt-106,csv/204-csv/575.csv,2013–14 Shrewsbury Town F.C. season,http://en.wikipedia.org/wiki?action=render&curid=40313451&oldid=601264573
nt-107,csv/204-csv/952.csv,1989 All-Ireland Senior Hurling Championship,http://en.wikipedia.org/wiki?action=render&curid=12296897&oldid=569370656
nt-108,csv/203-csv/136.csv,IBM Personal System/2,http://en.wikipedia.org/wiki?action=render&curid=218204&oldid=601574823
nt-109,csv/204-csv/809.csv,OGAE Second Chance Contest 2008,http://en.wikipedia.org/wiki?action=render&curid=17846192&oldid=561770305
nt-110,csv/204-csv/806.csv,List of castles in the Pays de la Loire,http://en.wikipedia.org/wiki?action=render&curid=32531288&oldid=601321516
nt-111,csv/204-csv/476.csv,Alderney Railway,http://en.wikipedia.org/wiki?action=render&curid=1180129&oldid=591865553
nt-112,csv/204-csv/102.csv,List of Syrian Air Force bases,http://en.wikipedia.org/wiki?action=render&curid=17823990&oldid=593161580
nt-113,csv/203-csv/592.csv,Ivy League,http://en.wikipedia.org/wiki?action=render&curid=14975&oldid=601850727
nt-114,csv/204-csv/956.csv,"United States presidential election in New Mexico, 2012",http://en.wikipedia.org/wiki?action=render&curid=34348642&oldid=594283162
nt-115,csv/204-csv/741.csv,2011 World Youth Championships in Athletics – Girls' high jump,http://en.wikipedia.org/wiki?action=render&curid=32323886&oldid=569294648
nt-116,csv/203-csv/362.csv,Ulster Schools' Cup,http://en.wikipedia.org/wiki?action=render&curid=2445349&oldid=600372194
nt-117,csv/203-csv/668.csv,Taymyr Autonomous Okrug,http://en.wikipedia.org/wiki?action=render&curid=482047&oldid=586318897
nt-118,csv/204-csv/223.csv,"Coventry Council election, 2007",http://en.wikipedia.org/wiki?action=render&curid=11051308&oldid=583182229
nt-119,csv/203-csv/121.csv,1947–48 in Swedish football,http://en.wikipedia.org/wiki?action=render&curid=11075929&oldid=584805849
nt-120,csv/204-csv/836.csv,Khalid Al Romaihi,http://en.wikipedia.org/wiki?action=render&curid=32862615&oldid=548360170
nt-121,csv/204-csv/229.csv,Polyamide-imide,http://en.wikipedia.org/wiki?action=render&curid=1477774&oldid=557190040
nt-122,csv/204-csv/32.csv,Edmonton Rush,http://en.wikipedia.org/wiki?action=render&curid=1852059&oldid=600707200
nt-123,csv/204-csv/255.csv,Tikamgarh (Lok Sabha constituency),http://en.wikipedia.org/wiki?action=render&curid=23244582&oldid=576156935
nt-124,csv/203-csv/554.csv,25 metre pistol,http://en.wikipedia.org/wiki?action=render&curid=655944&oldid=577617995
nt-125,csv/203-csv/375.csv,Aerial lift pylon,http://en.wikipedia.org/wiki?action=render&curid=4118725&oldid=591346458
nt-126,csv/203-csv/502.csv,Great Lakes Invitational,http://en.wikipedia.org/wiki?action=render&curid=1571238&oldid=598171219
nt-127,csv/203-csv/145.csv,1992–93 Segunda División,http://en.wikipedia.org/wiki?action=render&curid=12097215&oldid=551305841
nt-128,csv/203-csv/102.csv,2008 in athletics (track and field),http://en.wikipedia.org/wiki?action=render&curid=18942275&oldid=575899515
nt-129,csv/203-csv/558.csv,Pan-democracy camp,http://en.wikipedia.org/wiki?action=render&curid=3291227&oldid=599199142
nt-130,csv/204-csv/969.csv,Music based on the works of Oscar Wilde,http://en.wikipedia.org/wiki?action=render&curid=21715268&oldid=592932552
nt-131,csv/203-csv/691.csv,1987 New Orleans Saints season,http://en.wikipedia.org/wiki?action=render&curid=16713026&oldid=589030424
nt-132,csv/204-csv/336.csv,Central Railroad of New Jersey Terminal,http://en.wikipedia.org/wiki?action=render&curid=4004350&oldid=596493684
nt-133,csv/203-csv/502.csv,Great Lakes Invitational,http://en.wikipedia.org/wiki?action=render&curid=1571238&oldid=598171219
nt-134,csv/204-csv/794.csv,AC power plugs and sockets,http://en.wikipedia.org/wiki?action=render&curid=773271&oldid=601678101
nt-135,csv/203-csv/189.csv,Habte Jifar,http://en.wikipedia.org/wiki?action=render&curid=4436363&oldid=556873889
nt-136,csv/204-csv/948.csv,Dev (actor),http://en.wikipedia.org/wiki?action=render&curid=20161262&oldid=602224764
nt-137,csv/203-csv/296.csv,Economy of Africa,http://en.wikipedia.org/wiki?action=render&curid=1055517&oldid=599696692
nt-138,csv/203-csv/60.csv,Thierry Tulasne,http://en.wikipedia.org/wiki?action=render&curid=4083975&oldid=571771393
nt-139,csv/204-csv/413.csv,Finland at the 1924 Summer Olympics,http://en.wikipedia.org/wiki?action=render&curid=7440458&oldid=590400423
nt-140,csv/203-csv/643.csv,Wentworth Miller,http://en.wikipedia.org/wiki?action=render&curid=2130104&oldid=602094164
nt-141,csv/203-csv/517.csv,1918–19 Ottawa Senators season,http://en.wikipedia.org/wiki?action=render&curid=11446537&oldid=562112576
nt-142,csv/204-csv/557.csv,1916–17 Toronto Hockey Club season,http://en.wikipedia.org/wiki?action=render&curid=24026542&oldid=584803181
nt-143,csv/204-csv/20.csv,Miss Guatemala 2008,http://en.wikipedia.org/wiki?action=render&curid=36181691&oldid=522958539
nt-144,csv/203-csv/646.csv,Yelena Koshcheyeva,http://en.wikipedia.org/wiki?action=render&curid=6779017&oldid=589725007
nt-145,csv/203-csv/17.csv,List of posthumous Academy Award winners and nominees,http://en.wikipedia.org/wiki?action=render&curid=18695712&oldid=597901898
nt-146,csv/204-csv/467.csv,1921–22 Manchester United F.C. season,http://en.wikipedia.org/wiki?action=render&curid=34217760&oldid=578133129
nt-147,csv/204-csv/346.csv,Amanda Barr,http://en.wikipedia.org/wiki?action=render&curid=11274689&oldid=589360836
nt-148,csv/204-csv/786.csv,"New Democratic Party candidates, 2008 Canadian federal election",http://en.wikipedia.org/wiki?action=render&curid=10953705&oldid=583500645
nt-149,csv/203-csv/223.csv,Narrow Gauge Railway Museum,http://en.wikipedia.org/wiki?action=render&curid=250051&oldid=592614467
nt-150,csv/203-csv/568.csv,List of towns in the Faroe Islands,http://en.wikipedia.org/wiki?action=render&curid=716931&oldid=574576310
nt-151,csv/203-csv/3.csv,Andalusia,http://en.wikipedia.org/wiki?action=render&curid=2736&oldid=601618613
nt-152,csv/204-csv/451.csv,OQO,http://en.wikipedia.org/wiki?action=render&curid=817538&oldid=586242249
nt-153,csv/204-csv/102.csv,List of Syrian Air Force bases,http://en.wikipedia.org/wiki?action=render&curid=17823990&oldid=593161580
nt-154,csv/204-csv/358.csv,DEPDC5,http://en.wikipedia.org/wiki?action=render&curid=35665789&oldid=590978633
nt-155,csv/203-csv/43.csv,Same-sex marriage in New Jersey,http://en.wikipedia.org/wiki?action=render&curid=1605434&oldid=600769871
nt-156,csv/204-csv/475.csv,1978–79 Scottish League Cup,http://en.wikipedia.org/wiki?action=render&curid=34686500&oldid=561377976
nt-157,csv/204-csv/341.csv,List of lakes of Turkey,http://en.wikipedia.org/wiki?action=render&curid=11234543&oldid=587898552
nt-158,csv/204-csv/25.csv,Highest mountain peaks of California,http://en.wikipedia.org/wiki?action=render&curid=19265746&oldid=596836018
nt-159,csv/204-csv/944.csv,List of gold mines in Canada,http://en.wikipedia.org/wiki?action=render&curid=35131885&oldid=600104326
nt-160,csv/204-csv/884.csv,France at the 1932 Summer Olympics,http://en.wikipedia.org/wiki?action=render&curid=4552621&oldid=549421708
nt-161,csv/204-csv/445.csv,Peter Widén,http://en.wikipedia.org/wiki?action=render&curid=6245122&oldid=585495279
nt-162,csv/204-csv/804.csv,Fuck Them All,http://en.wikipedia.org/wiki?action=render&curid=14754771&oldid=601951069
nt-163,csv/204-csv/357.csv,Buxoro FK,http://en.wikipedia.org/wiki?action=render&curid=6695581&oldid=592242254
nt-164,csv/204-csv/843.csv,Armenian Encyclopedia,http://en.wikipedia.org/wiki?action=render&curid=13984112&oldid=599076800
nt-165,csv/204-csv/592.csv,List of the longest-running Broadway shows,http://en.wikipedia.org/wiki?action=render&curid=16674268&oldid=601859043
nt-166,csv/204-csv/622.csv,Piotr Kędzia,http://en.wikipedia.org/wiki?action=render&curid=35891489&oldid=589337922
nt-167,csv/204-csv/816.csv,Australian National BL class,http://en.wikipedia.org/wiki?action=render&curid=11373937&oldid=594652294
nt-168,csv/204-csv/928.csv,Goodbye Mr. Mackenzie,http://en.wikipedia.org/wiki?action=render&curid=1116381&oldid=600847733
nt-169,csv/203-csv/362.csv,Ulster Schools' Cup,http://en.wikipedia.org/wiki?action=render&curid=2445349&oldid=600372194
nt-170,csv/204-csv/476.csv,Alderney Railway,http://en.wikipedia.org/wiki?action=render&curid=1180129&oldid=591865553
nt-171,csv/204-csv/157.csv,1946 Notre Dame Fighting Irish football team,http://en.wikipedia.org/wiki?action=render&curid=20900384&oldid=596931319
nt-172,csv/204-csv/500.csv,Kitty Wells singles discography,http://en.wikipedia.org/wiki?action=render&curid=33098472&oldid=600688877
nt-173,csv/202-csv/178.csv,Bobbie Phillips,http://en.wikipedia.org/wiki?action=render&curid=1832776&oldid=593386340
nt-174,csv/204-csv/162.csv,2006 Grand Prix motorcycle racing season,http://en.wikipedia.org/wiki?action=render&curid=5597041&oldid=602469894
nt-175,csv/204-csv/679.csv,1951 Masters Tournament,http://en.wikipedia.org/wiki?action=render&curid=13059263&oldid=588764640
nt-176,csv/204-csv/31.csv,Pune International Marathon,http://en.wikipedia.org/wiki?action=render&curid=7584077&oldid=587934463
nt-177,csv/202-csv/250.csv,Names of India,http://en.wikipedia.org/wiki?action=render&curid=764545&oldid=601824024
nt-178,csv/204-csv/533.csv,Alcoholic beverages in Canada,http://en.wikipedia.org/wiki?action=render&curid=5026194&oldid=602156661
nt-179,csv/203-csv/324.csv,Dominant seventh chord,http://en.wikipedia.org/wiki?action=render&curid=573098&oldid=594570783
nt-180,csv/202-csv/76.csv,Electoral district of Lachlan,http://en.wikipedia.org/wiki?action=render&curid=4047642&oldid=532844129
nt-181,csv/203-csv/189.csv,Habte Jifar,http://en.wikipedia.org/wiki?action=render&curid=4436363&oldid=556873889
nt-182,csv/203-csv/517.csv,1918–19 Ottawa Senators season,http://en.wikipedia.org/wiki?action=render&curid=11446537&oldid=562112576
nt-183,csv/203-csv/385.csv,Diamond simulant,http://en.wikipedia.org/wiki?action=render&curid=1608081&oldid=597461822
nt-184,csv/204-csv/967.csv,1930–31 New York Rangers season,http://en.wikipedia.org/wiki?action=render&curid=20638972&oldid=601094951
nt-185,csv/204-csv/299.csv,List of places in Arkansas: A,http://en.wikipedia.org/wiki?action=render&curid=3074704&oldid=427609986
nt-186,csv/204-csv/916.csv,Federated Computing Research Conference,http://en.wikipedia.org/wiki?action=render&curid=21541522&oldid=594306503
nt-187,csv/204-csv/330.csv,1889 Kentucky Derby,http://en.wikipedia.org/wiki?action=render&curid=29029333&oldid=441891151
nt-188,csv/203-csv/583.csv,Psikyo,http://en.wikipedia.org/wiki?action=render&curid=3787254&oldid=583365168
nt-189,csv/204-csv/550.csv,Cook Islands records in athletics,http://en.wikipedia.org/wiki?action=render&curid=26764352&oldid=598678590
nt-190,csv/203-csv/559.csv,Commissioner of Food and Drugs,http://en.wikipedia.org/wiki?action=render&curid=17303026&oldid=602036802
nt-191,csv/203-csv/515.csv,Playa de Oro International Airport,http://en.wikipedia.org/wiki?action=render&curid=1847699&oldid=600814123
nt-192,csv/204-csv/357.csv,Buxoro FK,http://en.wikipedia.org/wiki?action=render&curid=6695581&oldid=592242254
nt-193,csv/204-csv/294.csv,2007 Nebraska Cornhuskers football team,http://en.wikipedia.org/wiki?action=render&curid=11542044&oldid=580525461
nt-194,csv/203-csv/174.csv,List of highest-grossing openings for films,http://en.wikipedia.org/wiki?action=render&curid=6512248&oldid=594954627
nt-195,csv/203-csv/197.csv,List of Top 25 singles for 1977 in Australia,http://en.wikipedia.org/wiki?action=render&curid=19091266&oldid=570362607
nt-196,csv/204-csv/360.csv,FIBA South America Under-17 Championship for Women,http://en.wikipedia.org/wiki?action=render&curid=35576176&oldid=596080599
nt-197,csv/204-csv/7.csv,List of 2014 box office number-one films in Mexico,http://en.wikipedia.org/wiki?action=render&curid=41636772&oldid=602350774
nt-198,csv/203-csv/209.csv,Iowa State–Missouri football rivalry,http://en.wikipedia.org/wiki?action=render&curid=18681760&oldid=579706423
nt-199,csv/204-csv/575.csv,2013–14 Shrewsbury Town F.C. season,http://en.wikipedia.org/wiki?action=render&curid=40313451&oldid=601264573
nt-200,csv/204-csv/39.csv,Molar ionization energies of the elements,http://en.wikipedia.org/wiki?action=render&curid=1665986&oldid=595807361
nt-201,csv/204-csv/572.csv,Montana locations by per capita income,http://en.wikipedia.org/wiki?action=render&curid=1828044&oldid=587194732
nt-202,csv/204-csv/841.csv,Shikoku Pilgrimage,http://en.wikipedia.org/wiki?action=render&curid=1706438&oldid=551579012
nt-203,csv/204-csv/226.csv,"Albanian local elections, 2011",http://en.wikipedia.org/wiki?action=render&curid=31368554&oldid=583467068
nt-204,csv/203-csv/145.csv,1992–93 Segunda División,http://en.wikipedia.org/wiki?action=render&curid=12097215&oldid=551305841
nt-205,csv/204-csv/89.csv,2002 NASCAR Craftsman Truck Series,http://en.wikipedia.org/wiki?action=render&curid=5286599&oldid=580341190
nt-206,csv/203-csv/339.csv,Parnelli Jones,http://en.wikipedia.org/wiki?action=render&curid=2046034&oldid=572159837
nt-207,csv/204-csv/577.csv,History of computing hardware,http://en.wikipedia.org/wiki?action=render&curid=13636&oldid=602068017
nt-208,csv/201-csv/27.csv,Secretary of State for Canada,http://en.wikipedia.org/wiki?action=render&curid=774995&oldid=554200691
nt-209,csv/204-csv/529.csv,Solveig Slettahjell,http://en.wikipedia.org/wiki?action=render&curid=9952841&oldid=588181926
nt-210,csv/204-csv/713.csv,FIS Nordic World Ski Championships 2013 – Men's 30 kilometre pursuit,http://en.wikipedia.org/wiki?action=render&curid=38606492&oldid=600954735
nt-211,csv/204-csv/179.csv,Daegu FC,http://en.wikipedia.org/wiki?action=render&curid=1056492&oldid=601644490
nt-212,csv/203-csv/357.csv,Music on The O.C.,http://en.wikipedia.org/wiki?action=render&curid=18502565&oldid=600492139
nt-213,csv/204-csv/837.csv,FIFA World Rankings,http://en.wikipedia.org/wiki?action=render&curid=719095&oldid=602286465
nt-214,csv/202-csv/231.csv,"Swedish general election, 1998",http://en.wikipedia.org/wiki?action=render&curid=506244&oldid=597815321
nt-215,csv/203-csv/536.csv,1984 Detroit Tigers season,http://en.wikipedia.org/wiki?action=render&curid=13226865&oldid=601205792
nt-216,csv/203-csv/830.csv,Jim Glaser,http://en.wikipedia.org/wiki?action=render&curid=17549792&oldid=579977867
nt-217,csv/204-csv/806.csv,List of castles in the Pays de la Loire,http://en.wikipedia.org/wiki?action=render&curid=32531288&oldid=601321516
nt-218,csv/204-csv/35.csv,SD Ponferradina B,http://en.wikipedia.org/wiki?action=render&curid=23130752&oldid=596203281
nt-219,csv/203-csv/769.csv,Sam Nujoma,http://en.wikipedia.org/wiki?action=render&curid=295598&oldid=600975742
nt-220,csv/200-csv/31.csv,Roy Scheider,http://en.wikipedia.org/wiki?action=render&curid=164370&oldid=600791013
nt-221,csv/203-csv/399.csv,2008 Rally New Zealand,http://en.wikipedia.org/wiki?action=render&curid=19109318&oldid=543102271
nt-222,csv/204-csv/781.csv,List of ships built at the Fore River Shipyard,http://en.wikipedia.org/wiki?action=render&curid=41438214&oldid=594011016
nt-223,csv/202-csv/294.csv,Playlife,http://en.wikipedia.org/wiki?action=render&curid=1218394&oldid=548786367
nt-224,csv/203-csv/592.csv,Ivy League,http://en.wikipedia.org/wiki?action=render&curid=14975&oldid=601850727
nt-225,csv/204-csv/20.csv,Miss Guatemala 2008,http://en.wikipedia.org/wiki?action=render&curid=36181691&oldid=522958539
nt-226,csv/203-csv/517.csv,1918–19 Ottawa Senators season,http://en.wikipedia.org/wiki?action=render&curid=11446537&oldid=562112576
nt-227,csv/203-csv/55.csv,Super Chinese,http://en.wikipedia.org/wiki?action=render&curid=5399968&oldid=597670523
nt-228,csv/204-csv/793.csv,WIVM-LD,http://en.wikipedia.org/wiki?action=render&curid=4056000&oldid=585919539
nt-229,csv/204-csv/593.csv,Srikakulam,http://en.wikipedia.org/wiki?action=render&curid=711152&oldid=599660931
nt-230,csv/204-csv/81.csv,Cross-country skiing at the 2014 Winter Olympics – Men's 15 kilometre classical,http://en.wikipedia.org/wiki?action=render&curid=41546835&oldid=596624156
nt-231,csv/203-csv/109.csv,Human rights in Morocco,http://en.wikipedia.org/wiki?action=render&curid=5175640&oldid=598694585
nt-232,csv/204-csv/375.csv,FC Seoul in Asian football,http://en.wikipedia.org/wiki?action=render&curid=33550055&oldid=595587909
nt-233,csv/203-csv/95.csv,South Carolina House of Representatives,http://en.wikipedia.org/wiki?action=render&curid=913490&oldid=583140238
nt-234,csv/204-csv/770.csv,Chinese FA Super Cup,http://en.wikipedia.org/wiki?action=render&curid=34749388&oldid=597047574
nt-235,csv/204-csv/985.csv,ASKÖ Pasching,http://en.wikipedia.org/wiki?action=render&curid=25467303&oldid=569358536
nt-236,csv/204-csv/561.csv,1966 Grand National,http://en.wikipedia.org/wiki?action=render&curid=33703726&oldid=592485850
nt-237,csv/204-csv/546.csv,Ishaan Dev,http://en.wikipedia.org/wiki?action=render&curid=39314748&oldid=586626596
nt-238,csv/204-csv/335.csv,Jim Osborne (tennis),http://en.wikipedia.org/wiki?action=render&curid=22670399&oldid=579100289
nt-239,csv/203-csv/836.csv,Spicy Horse,http://en.wikipedia.org/wiki?action=render&curid=17089493&oldid=601024910
nt-240,csv/203-csv/777.csv,List of tallest buildings in Canada,http://en.wikipedia.org/wiki?action=render&curid=4668401&oldid=598220268
nt-241,csv/203-csv/231.csv,UD Alzira,http://en.wikipedia.org/wiki?action=render&curid=8312777&oldid=596202660
nt-242,csv/204-csv/850.csv,List of largest locomotives,http://en.wikipedia.org/wiki?action=render&curid=3800341&oldid=600448355
nt-243,csv/203-csv/24.csv,2007–08 Hazfi Cup,http://en.wikipedia.org/wiki?action=render&curid=13759270&oldid=578573637
nt-244,csv/204-csv/145.csv,List of members of the United States House of Representatives who died in 1987,http://en.wikipedia.org/wiki?action=render&curid=36509163&oldid=593203385
nt-245,csv/200-csv/1.csv,Mischa Barton,http://en.wikipedia.org/wiki?action=render&curid=291520&oldid=599434140
nt-246,csv/203-csv/724.csv,Athletics at the 2003 Summer Universiade,http://en.wikipedia.org/wiki?action=render&curid=12305146&oldid=597698186
nt-247,csv/203-csv/157.csv,Neha Sharma,http://en.wikipedia.org/wiki?action=render&curid=13923252&oldid=602236687
nt-248,csv/204-csv/913.csv,Kasun Jayasuriya,http://en.wikipedia.org/wiki?action=render&curid=19258837&oldid=564305933
nt-249,csv/204-csv/443.csv,1995 New York Jets season,http://en.wikipedia.org/wiki?action=render&curid=10790091&oldid=583808664
nt-250,csv/204-csv/267.csv,1921–22 FA Cup,http://en.wikipedia.org/wiki?action=render&curid=19999477&oldid=589456169
nt-251,csv/204-csv/785.csv,Shooting at the 2013 Bolivarian Games,http://en.wikipedia.org/wiki?action=render&curid=41056727&oldid=585059564
nt-252,csv/203-csv/531.csv,2002 PGA Tour,http://en.wikipedia.org/wiki?action=render&curid=14583241&oldid=568434572
nt-253,csv/203-csv/446.csv,List of Cha$e episodes,http://en.wikipedia.org/wiki?action=render&curid=20250000&oldid=543068047
nt-254,csv/203-csv/855.csv,We Will Rock You (musical),http://en.wikipedia.org/wiki?action=render&curid=2845394&oldid=602501048
nt-255,csv/204-csv/666.csv,Iran Mercantile Exchange,http://en.wikipedia.org/wiki?action=render&curid=28578233&oldid=592950854
nt-256,csv/203-csv/14.csv,Teeratep Winothai,http://en.wikipedia.org/wiki?action=render&curid=3656429&oldid=601940718
nt-257,csv/203-csv/570.csv,The Boys (comics),http://en.wikipedia.org/wiki?action=render&curid=5625031&oldid=600448652
nt-258,csv/204-csv/351.csv,1994 ATP Tour,http://en.wikipedia.org/wiki?action=render&curid=14811640&oldid=602241544
nt-259,csv/204-csv/927.csv,Eightysix (Andras Vleminckx),http://en.wikipedia.org/wiki?action=render&curid=40220294&oldid=587159660
nt-260,csv/203-csv/788.csv,Kurt Maschler Award,http://en.wikipedia.org/wiki?action=render&curid=15641996&oldid=526123445
nt-261,csv/204-csv/449.csv,Offspring (series 2),http://en.wikipedia.org/wiki?action=render&curid=30596531&oldid=599984327
nt-262,csv/201-csv/3.csv,Monterrey,http://en.wikipedia.org/wiki?action=render&curid=40455&oldid=602035763
nt-263,csv/204-csv/227.csv,1982 Winnipeg Blue Bombers season,http://en.wikipedia.org/wiki?action=render&curid=30250835&oldid=567485196
nt-264,csv/203-csv/837.csv,"List of tallest buildings in Columbus, Ohio",http://en.wikipedia.org/wiki?action=render&curid=12447020&oldid=587551009
nt-265,csv/204-csv/186.csv,CD Santa Marta,http://en.wikipedia.org/wiki?action=render&curid=22494358&oldid=555508896
nt-266,csv/203-csv/573.csv,English American,http://en.wikipedia.org/wiki?action=render&curid=20557093&oldid=602062645
nt-267,csv/204-csv/526.csv,2010–11 North Carolina Tar Heels men's basketball team,http://en.wikipedia.org/wiki?action=render&curid=26789660&oldid=601830226
nt-268,csv/204-csv/587.csv,Call of Duty: Modern Warfare 3 downloadable content,http://en.wikipedia.org/wiki?action=render&curid=35623170&oldid=582338226
nt-269,csv/204-csv/691.csv,1992–93 Rangers F.C. season,http://en.wikipedia.org/wiki?action=render&curid=16649577&oldid=552828177
nt-270,csv/204-csv/396.csv,List of men's major championships winning golfers,http://en.wikipedia.org/wiki?action=render&curid=30873530&oldid=592643111
nt-271,csv/203-csv/806.csv,Charles I. D. Looff,http://en.wikipedia.org/wiki?action=render&curid=8214124&oldid=595683391
nt-272,csv/203-csv/838.csv,World Car of the Year,http://en.wikipedia.org/wiki?action=render&curid=1462671&oldid=598091386
nt-273,csv/203-csv/823.csv,Arkhip Lyulka,http://en.wikipedia.org/wiki?action=render&curid=9415543&oldid=602267610
nt-274,csv/204-csv/532.csv,CF Villanovense,http://en.wikipedia.org/wiki?action=render&curid=5801180&oldid=595427334
nt-275,csv/204-csv/314.csv,1988 1. deild karla,http://en.wikipedia.org/wiki?action=render&curid=38296362&oldid=548316746
nt-276,csv/203-csv/204.csv,C. V. Sridhar,http://en.wikipedia.org/wiki?action=render&curid=4012985&oldid=599746730
nt-277,csv/204-csv/53.csv,Harut Grigorian,http://en.wikipedia.org/wiki?action=render&curid=35274907&oldid=599112871
nt-278,csv/204-csv/935.csv,TVB Anniversary Award for Most Improved Male Artiste,http://en.wikipedia.org/wiki?action=render&curid=30570784&oldid=586921224
nt-279,csv/203-csv/379.csv,Vehicle registration plates of New Jersey,http://en.wikipedia.org/wiki?action=render&curid=16735553&oldid=601502492
nt-280,csv/203-csv/532.csv,List of National Basketball Association players with most rebounds in a game,http://en.wikipedia.org/wiki?action=render&curid=10090161&oldid=584591511
nt-281,csv/203-csv/313.csv,Wave-class oiler,http://en.wikipedia.org/wiki?action=render&curid=21613793&oldid=549267819
nt-282,csv/203-csv/430.csv,Poland in the Eurovision Song Contest 2008,http://en.wikipedia.org/wiki?action=render&curid=15499156&oldid=575022819
nt-283,csv/203-csv/783.csv,Internacional de Madrid CF,http://en.wikipedia.org/wiki?action=render&curid=20393981&oldid=596202885
nt-284,csv/203-csv/104.csv,List of Olympic medalists in figure skating,http://en.wikipedia.org/wiki?action=render&curid=4520234&oldid=600897923
nt-285,csv/203-csv/35.csv,1996 Italian motorcycle Grand Prix,http://en.wikipedia.org/wiki?action=render&curid=17700256&oldid=594347694
nt-286,csv/203-csv/717.csv,Seaton Tramway,http://en.wikipedia.org/wiki?action=render&curid=1803801&oldid=602329993
nt-287,csv/204-csv/785.csv,Shooting at the 2013 Bolivarian Games,http://en.wikipedia.org/wiki?action=render&curid=41056727&oldid=585059564
nt-288,csv/204-csv/831.csv,"National Register of Historic Places listings in Wayne County, Michigan",http://en.wikipedia.org/wiki?action=render&curid=4161548&oldid=599926268
nt-289,csv/204-csv/207.csv,1991 Chicago Bears season,http://en.wikipedia.org/wiki?action=render&curid=8799464&oldid=588715942
nt-290,csv/204-csv/990.csv,Demographics of Alaska,http://en.wikipedia.org/wiki?action=render&curid=11015706&oldid=598784767
nt-291,csv/204-csv/882.csv,NZR X class,http://en.wikipedia.org/wiki?action=render&curid=3859106&oldid=602331833
nt-292,csv/204-csv/595.csv,60 metres,http://en.wikipedia.org/wiki?action=render&curid=2369278&oldid=600760750
nt-293,csv/203-csv/229.csv,1969 NFL Draft,http://en.wikipedia.org/wiki?action=render&curid=5614491&oldid=597457716
nt-294,csv/203-csv/67.csv,Primera División de Fútbol Profesional Apertura 2003,http://en.wikipedia.org/wiki?action=render&curid=13014350&oldid=579011319
nt-295,csv/204-csv/959.csv,2010 Northern Football League season,http://en.wikipedia.org/wiki?action=render&curid=27265698&oldid=573021502
nt-296,csv/204-csv/202.csv,Indrek Kaseorg,http://en.wikipedia.org/wiki?action=render&curid=6707198&oldid=468183627
nt-297,csv/203-csv/146.csv,Cherry Jones,http://en.wikipedia.org/wiki?action=render&curid=2005574&oldid=601722356
nt-298,csv/204-csv/761.csv,Biathlon at the Winter Paralympics,http://en.wikipedia.org/wiki?action=render&curid=29964282&oldid=594207470
nt-299,csv/204-csv/495.csv,1987–88 Luton Town F.C. season,http://en.wikipedia.org/wiki?action=render&curid=22715615&oldid=589843593
