table_webpage_url,Page ID URL
http://en.wikipedia.org/wiki/List_of_NWA/WCW_closed-circuit_events_and_pay-per-view_events,Page not found
http://en.wikipedia.org/wiki/Dodge_Charger_(LX/LD),Page not found
http://en.wikipedia.org/wiki/The_D'Ambrosio_Twins,Page not found
http://en.wikipedia.org/wiki/List_of_international_cricket_centuries_at_the_M._Chinnaswamy_Stadium,Page not found
http://en.wikipedia.org/wiki/Disney_James,Page not found
http://en.wikipedia.org/wiki/List_of_Presidents_of_Vincent's_Club,Page not found
http://en.wikipedia.org/wiki/North_Macedonia_in_the_Bala_Turkvision_Song_Contest,Page not found
http://en.wikipedia.org/wiki/Harris_Sarmiento,Page not found
http://en.wikipedia.org/wiki/List_of_NWA/WCW_closed-circuit_events_and_pay-per-view_events,Page not found
http://en.wikipedia.org/wiki/List_of_tallest_buildings_in_Sarasota,Page not found
http://en.wikipedia.org/wiki/List_of_LNER_Class_A1/A3_locomotives,Page not found
http://en.wikipedia.org/wiki/List_of_living_Medal_of_Honor_recipients,Page not found
http://en.wikipedia.org/wiki/Creatures_of_the_Night_Tour/10th_Anniversary_Tour,Page not found
http://en.wikipedia.org/wiki/List_of_longest-ruling_non-royal_national_leaders_since_1900,Page not found
http://en.wikipedia.org/wiki/List_of_living_Medal_of_Honor_recipients,Page not found
http://en.wikipedia.org/wiki/List_of_Presidents_of_Turkey_by_age,Page not found
http://en.wikipedia.org/wiki/List_of_Dragonlance_deities,Page not found
http://en.wikipedia.org/wiki/Luis_Pe%C3%B1a_(MMA),Page not found
http://en.wikipedia.org/wiki/2012%E2%80%9313_Gateshead_F.C._season,Page not found
http://en.wikipedia.org/wiki/List_of_Japanese_prime_ministers_by_longevity,Page not found
http://en.wikipedia.org/wiki/2013%E2%80%9314_Chester_F.C._season,Page not found
http://en.wikipedia.org/wiki/Union_for_Rebirth_/_Sankarist_Party,Page not found
http://en.wikipedia.org/wiki/List_of_NASCAR_drivers_who_have_won_in_each_of_top_three_series,Page not found
http://en.wikipedia.org/wiki/Naresh_Eswar,Page not found
http://en.wikipedia.org/wiki/Enrique_Mar%C3%ADn,Page not found
http://en.wikipedia.org/wiki/Stuart_Austin,Page not found
http://en.wikipedia.org/wiki/List_of_NWA/WCW_closed-circuit_events_and_pay-per-view_events,Page not found
http://en.wikipedia.org/wiki/List_of_kings_of_Rohan,Page not found
http://en.wikipedia.org/wiki/Natalie_Cohen,Page not found
http://en.wikipedia.org/wiki/Deniss_Petrovs,Page not found
http://en.wikipedia.org/wiki/Damla_Bozyel,Page not found
http://en.wikipedia.org/wiki/ISO/IEC_7810,Page not found
http://en.wikipedia.org/wiki/List_of_NWA/WCW_closed-circuit_events_and_pay-per-view_events,Page not found
http://en.wikipedia.org/wiki/Tuva_in_the_Turkvision_Song_Contest,Page not found
http://en.wikipedia.org/wiki/Football_at_the_2013_Tuvalu_Games_%E2%80%93_Men's_tournament,Page not found
http://en.wikipedia.org/wiki/Mauricio_Merino_Jr.,Page not found
http://en.wikipedia.org/wiki/List_of_kings_of_Rohan,Page not found
http://en.wikipedia.org/wiki/List_of_motorsports_people_by_nickname,Page not found
http://en.wikipedia.org/wiki/2014%E2%80%9315_Chester_F.C._season,Page not found
http://en.wikipedia.org/wiki/List_of_NWA/WCW_closed-circuit_events_and_pay-per-view_events,Page not found
http://en.wikipedia.org/wiki/Sunray_Travel,Page not found
http://en.wikipedia.org/wiki/Karthick_Ashokan,Page not found
http://en.wikipedia.org/wiki/2013%E2%80%9314_Chester_F.C._season,Page not found
http://en.wikipedia.org/wiki/Amitov_Teja,Page not found
http://en.wikipedia.org/wiki/New_Zealand_Music_Awards_for_Best_Hip_Hop_Artist_and_Best_Soul/RnB_Artist,Page not found
http://en.wikipedia.org/wiki/2014%E2%80%9315_F.C._Halifax_Town_season,Page not found
http://en.wikipedia.org/wiki/List_of_NWA/WCW_closed-circuit_events_and_pay-per-view_events,Page not found
http://en.wikipedia.org/wiki/2014%E2%80%9315_F.C._Halifax_Town_season,Page not found
http://en.wikipedia.org/wiki/Bulls%E2%80%93Heat_rivalry,Page not found
http://en.wikipedia.org/wiki/List_of_Australia_Test_cricket_centurions,Page not found
http://en.wikipedia.org/wiki/Reform_Party_of_Florida,Page not found
http://en.wikipedia.org/wiki/Bangladesh_A_cricket_team_in_India_in_2015%E2%80%9316,Page not found
"http://en.wikipedia.org/wiki/6/22/00_%E2%80%93_Milan,_Italy",Page not found
http://en.wikipedia.org/wiki/MCC_tour_of_Australia_in_1962%E2%80%9363,Page not found
http://en.wikipedia.org/wiki/2014%E2%80%9315_F.C._Halifax_Town_season,Page not found
http://en.wikipedia.org/wiki/List_of_Prime_Ministers_of_the_Netherlands_by_age,Page not found
http://en.wikipedia.org/wiki/List_of_Fields_Medal_winners_by_university_affiliation,Page not found
http://en.wikipedia.org/wiki/List_of_8/9_PM_telenovelas_of_Rede_Globo,Page not found
http://en.wikipedia.org/wiki/List_of_Fangoria_Hall_of_Fame_inductees,Page not found
http://en.wikipedia.org/wiki/List_of_number-one_Billboard_Dance/Electronic_Songs,Page not found
http://en.wikipedia.org/wiki/2011_FC_Nasaf_season,Page not found
http://en.wikipedia.org/wiki/List_of_international_cricket_five-wicket_hauls_at_Punjab_Cricket_Association_IS_Bindra_Stadium,Page not found
http://en.wikipedia.org/wiki/List_of_Heads_of_state_of_Bulgaria_by_longevity,Page not found
http://en.wikipedia.org/wiki/List_of_international_cricket_centuries_at_Rajiv_Gandhi_International_Cricket_Stadium,Page not found
http://en.wikipedia.org/wiki/List_of_longest-living_United_States_Senators,Page not found
http://en.wikipedia.org/wiki/Curtis_Billsten,Page not found
http://en.wikipedia.org/wiki/List_of_NWA/WCW_closed-circuit_events_and_pay-per-view_events,Page not found
http://en.wikipedia.org/wiki/1962%E2%80%9363_Ashes_series,Page not found
http://en.wikipedia.org/wiki/Sam_Quartin,Page not found
http://en.wikipedia.org/wiki/2013%E2%80%9314_Chester_F.C._season,Page not found
http://en.wikipedia.org/wiki/List_of_Minnesota_State_High_School_League_State_Championships_(Fall),Page not found
http://en.wikipedia.org/wiki/Windy_Point/Windy_Flats,Page not found
http://en.wikipedia.org/wiki/List_of_Super_Mario_speedrunning_records,Page not found
http://en.wikipedia.org/wiki/Vibha_Natarajan,Page not found
http://en.wikipedia.org/wiki/List_of_NWA/WCW_closed-circuit_events_and_pay-per-view_events,Page not found
http://en.wikipedia.org/wiki/1962%E2%80%9363_Ashes_series,Page not found
http://en.wikipedia.org/wiki/2014%E2%80%9315_Real_Oviedo_season,Page not found
http://en.wikipedia.org/wiki/List_of_NASCAR_drivers_who_have_won_in_each_of_top_three_series,Page not found
http://en.wikipedia.org/wiki/2002%E2%80%9303_AFC_Wimbledon_season,Page not found
http://en.wikipedia.org/wiki/List_of_NWA/WCW_closed-circuit_events_and_pay-per-view_events,Page not found
http://en.wikipedia.org/wiki/List_of_Italian_Presidents_by_longevity,Page not found
http://en.wikipedia.org/wiki/List_of_Prime_Ministers_of_Australia_by_age,Page not found
http://en.wikipedia.org/wiki/Geospatial_summary_of_the_High_Peaks/Summits_of_the_Juneau_Icefield,Page not found
http://en.wikipedia.org/wiki/List_of_Prime_Ministers_of_India_by_longevity,Page not found
http://en.wikipedia.org/wiki/Amber_Jones,Page not found
http://en.wikipedia.org/wiki/Drummond/North_Elmsley,Page not found
http://en.wikipedia.org/wiki/List_of_NWA/WCW_closed-circuit_events_and_pay-per-view_events,Page not found
http://en.wikipedia.org/wiki/Tumurbaatar_Enkhtungalag,Page not found
http://en.wikipedia.org/wiki/Rham!,Page not found
http://en.wikipedia.org/wiki/Georgia_in_the_Bala_Turkvision_Song_Contest,Page not found
http://en.wikipedia.org/wiki/List_of_international_cricket_centuries_at_the_Antigua_Recreation_Ground,Page not found
http://en.wikipedia.org/wiki/Farzana_Dua_Elahe,Page not found
http://en.wikipedia.org/wiki/Galatasaray_S.K._0%E2%80%937_G%C3%BCne%C5%9F_S.K.,Page not found
http://en.wikipedia.org/wiki/Aoke/Langalanga_constituency,Page not found
http://en.wikipedia.org/wiki/Behzad_Leito,Page not found
http://en.wikipedia.org/wiki/Guns_N'_Roses/Metallica_Stadium_Tour,Page not found
http://en.wikipedia.org/wiki/List_of_cities_with_the_most_high-rise_buildings,Page not found
http://en.wikipedia.org/wiki/Germany_in_the_Turkvision_Song_Contest,Page not found
http://en.wikipedia.org/wiki/List_of_towns_in_Luxembourg_by_population,Page not found
http://en.wikipedia.org/wiki/List_of_Survivor_(U.S._TV_series)_tribes,Page not found
http://en.wikipedia.org/wiki/28_cm_SK_L/40_gun,Page not found
http://en.wikipedia.org/wiki/List_of_8/9_PM_telenovelas_of_Rede_Globo,Page not found
http://en.wikipedia.org/wiki/Get_Loose_Crew,Page not found
http://en.wikipedia.org/wiki/List_of_international_cricket_centuries_at_the_Providence_Stadium,Page not found
http://en.wikipedia.org/wiki/Stacey_Jackson,Page not found
http://en.wikipedia.org/wiki/List_of_500cc/MotoGP_Motorcycle_World_Champions,Page not found
http://en.wikipedia.org/wiki/List_of_8/9_PM_telenovelas_of_Rede_Globo,Page not found
http://en.wikipedia.org/wiki/Ron_Thaler,Page not found
http://en.wikipedia.org/wiki/List_of_NWA/WCW_closed-circuit_events_and_pay-per-view_events,Page not found
http://en.wikipedia.org/wiki/List_of_international_cricket_centuries_at_the_Vidarbha_Cricket_Association_Stadium,Page not found
http://en.wikipedia.org/wiki/Iran_in_the_Bala_Turkvision_Song_Contest,Page not found
http://en.wikipedia.org/wiki/List_of_NWA/WCW_closed-circuit_events_and_pay-per-view_events,Page not found
http://en.wikipedia.org/wiki/Emile_Ghantous,Page not found
http://en.wikipedia.org/wiki/List_of_Games_with_Gold_games,Page not found
http://en.wikipedia.org/wiki/List_of_Penthouse_Pets,Page not found
http://en.wikipedia.org/wiki/Network_of_International_Business_Schools,Page not found
http://en.wikipedia.org/wiki/List_of_tallest_buildings_in_Cairns,Page not found
http://en.wikipedia.org/wiki/List_of_AC/DC_members,Page not found
http://en.wikipedia.org/wiki/Curtis_Richa,Page not found
http://en.wikipedia.org/wiki/Sathyaprakash,Page not found
http://en.wikipedia.org/wiki/Rocky_Johnson_(mixed_martial_artist),Page not found
http://en.wikipedia.org/wiki/Chennai_Super_Kings%E2%80%93Sunrisers_Hyderabad_rivalry,Page not found
http://en.wikipedia.org/wiki/Eye_Judah,Page not found
http://en.wikipedia.org/wiki/2010%E2%80%9311_Gateshead_F.C._season,Page not found
http://en.wikipedia.org/wiki/List_of_Fields_Medal_winners_by_university_affiliation,Page not found
http://en.wikipedia.org/wiki/1993_Federation_Cup_Asia/Oceania_Zone_%E2%80%93_Play-offs,Page not found
http://en.wikipedia.org/wiki/List_of_highest-income_urban_neighborhoods_in_the_United_States,Page not found
http://en.wikipedia.org/wiki/List_of_FIFA_World_Cup_goalscorers,Page not found
http://en.wikipedia.org/wiki/2012%E2%80%9313_Gateshead_F.C._season,Page not found
"http://en.wikipedia.org/wiki/List_of_tallest_buildings_in_Bradenton,_Florida",Page not found
http://en.wikipedia.org/wiki/List_of_NASCAR_drivers_who_have_won_in_each_of_top_three_series,Page not found
http://en.wikipedia.org/wiki/%C3%96zlem_Gezer,Page not found
http://en.wikipedia.org/wiki/List_of_international_cricket_centuries_at_University_Otago_Oval,Page not found
http://en.wikipedia.org/wiki/Belinda_Cotterill,Page not found
http://en.wikipedia.org/wiki/List_of_VFL/AFL_wooden_spoons,Page not found
http://en.wikipedia.org/wiki/List_of_international_cricket_centuries_at_the_Asgiriya_Stadium,Page not found
http://en.wikipedia.org/wiki/List_of_NWA/WCW_closed-circuit_events_and_pay-per-view_events,Page not found
http://en.wikipedia.org/wiki/List_of_international_cricket_centuries_at_the_Pallekele_International_Cricket_Stadium,Page not found
http://en.wikipedia.org/wiki/2015%E2%80%9316_S%C3%A3o_Vicente_Island_League,Page not found
http://en.wikipedia.org/wiki/1954/1955_News_of_the_World_Snooker_Tournament,Page not found
http://en.wikipedia.org/wiki/Randal_Reeder,Page not found
http://en.wikipedia.org/wiki/Bangladesh_A_cricket_team_in_India_in_2015%E2%80%9316,Page not found
http://en.wikipedia.org/wiki/2017/2018_Ronnie_O'Sullivan_snooker_season,Page not found
http://en.wikipedia.org/wiki/203_mm/53_Italian_naval_gun,Page not found
http://en.wikipedia.org/wiki/Vincent_van_Ommen,Page not found
http://en.wikipedia.org/wiki/List_of_NWA/WCW_closed-circuit_events_and_pay-per-view_events,Page not found
http://en.wikipedia.org/wiki/List_of_Italian_Presidents_by_longevity,Page not found
http://en.wikipedia.org/wiki/Willowtip_Records_discography,Page not found
http://en.wikipedia.org/wiki/List_of_tallest_buildings_in_Townsville,Page not found
http://en.wikipedia.org/wiki/Randheer_Rai,Page not found
http://en.wikipedia.org/wiki/List_of_international_cricket_centuries_at_Multan_Cricket_Stadium,Page not found
http://en.wikipedia.org/wiki/List_of_Presidents_of_Turkey_by_age,Page not found
http://en.wikipedia.org/wiki/Estevan_Payan,Page not found
http://en.wikipedia.org/wiki/List_of_oldest_living_United_States_governors,Page not found
http://en.wikipedia.org/wiki/List_of_tallest_buildings_in_Thunder_Bay,Page not found
http://en.wikipedia.org/wiki/Winter_(Winter_Rose_/_Duet),Page not found
http://en.wikipedia.org/wiki/List_of_England_Test_cricket_centurions,Page not found
http://en.wikipedia.org/wiki/List_of_The_Simpsons_couch_gags,Page not found
http://en.wikipedia.org/wiki/List_of_NWA/WCW_closed-circuit_events_and_pay-per-view_events,Page not found
http://en.wikipedia.org/wiki/2013%E2%80%9314_Chester_F.C._season,Page not found
http://en.wikipedia.org/wiki/Steve_Vigneault,Page not found
http://en.wikipedia.org/wiki/Structure_of_the_Swedish_Armed_Forces_in_1989,Page not found
http://en.wikipedia.org/wiki/Lisa_Christine_Holmberg.,Page not found
http://en.wikipedia.org/wiki/Behzad_Leito,Page not found
http://en.wikipedia.org/wiki/List_of_international_cricket_centuries_at_the_Zohur_Ahmed_Chowdhury_Stadium,Page not found
http://en.wikipedia.org/wiki/Zach_Micklewright,Page not found
http://en.wikipedia.org/wiki/Emily_Durgin,Page not found
http://en.wikipedia.org/wiki/Rhaetian_Railway_Ge_6/6_I,Page not found
http://en.wikipedia.org/wiki/List_of_Academy_Award_for_Best_Director_winners_by_age,Page not found
http://en.wikipedia.org/wiki/List_of_NWA/WCW_closed-circuit_events_and_pay-per-view_events,Page not found
http://en.wikipedia.org/wiki/List_of_French_Presidents_by_longevity,Page not found
http://en.wikipedia.org/wiki/List_of_number-one_digital_songs_of_2013_(Canada),Page not found
http://en.wikipedia.org/wiki/List_of_French_Presidents_by_longevity,Page not found
http://en.wikipedia.org/wiki/Alfa_Romeo_158/159_Alfetta,Page not found
http://en.wikipedia.org/wiki/List_of_Super_Mario_speedrunning_records,Page not found
http://en.wikipedia.org/wiki/List_of_French_Presidents_by_longevity,Page not found
http://en.wikipedia.org/wiki/List_of_international_cricket_centuries_at_Carisbrook,Page not found
http://en.wikipedia.org/wiki/John_Ott_(fighter),Page not found
http://en.wikipedia.org/wiki/V/Line_H_type_carriage,Page not found
http://en.wikipedia.org/wiki/Nate_James_(fighter),Page not found
http://en.wikipedia.org/wiki/List_of_tallest_buildings_in_Szczecin,Page not found
http://en.wikipedia.org/wiki/List_of_minor_planets_named_after_animals_and_plants,Page not found
http://en.wikipedia.org/wiki/Ombudsman_for_Local_Governments_in_Kerala,Page not found
http://en.wikipedia.org/wiki/List_of_The_Simpsons_couch_gags,Page not found
http://en.wikipedia.org/wiki/Geospatial_summary_of_the_High_Peaks/Summits_of_the_Juneau_Icefield,Page not found
http://en.wikipedia.org/wiki/St._Louis_Cardinals_all-time_roster_(A),Page not found
http://en.wikipedia.org/wiki/Dodge_Charger_(LX/LD),Page not found
http://en.wikipedia.org/wiki/List_of_international_cricket_five-wicket_hauls_at_Carisbrook,Page not found
http://en.wikipedia.org/wiki/List_of_NWA/WCW_closed-circuit_events_and_pay-per-view_events,Page not found
http://en.wikipedia.org/wiki/List_of_NWA/WCW_closed-circuit_events_and_pay-per-view_events,Page not found
http://en.wikipedia.org/wiki/Sarah_Fasha,Page not found
http://en.wikipedia.org/wiki/Amber_McDonald,Page not found
http://en.wikipedia.org/wiki/List_of_towns_in_the_Republic_of_Ireland/2002_Census_Records,Page not found
http://en.wikipedia.org/wiki/List_of_NWA/WCW_closed-circuit_events_and_pay-per-view_events,Page not found
http://en.wikipedia.org/wiki/Geospatial_summary_of_the_High_Peaks/Summits_of_the_Juneau_Icefield,Page not found
http://en.wikipedia.org/wiki/List_of_NWA/WCW_closed-circuit_events_and_pay-per-view_events,Page not found
http://en.wikipedia.org/wiki/List_of_international_cricketers_from_Queensland,Page not found
http://en.wikipedia.org/wiki/Aneesha_Ummer,Page not found
http://en.wikipedia.org/wiki/List_of_international_cricket_centuries_at_Punjab_Cricket_Association_IS_Bindra_Stadium,Page not found
http://en.wikipedia.org/wiki/2015%E2%80%9316_Gateshead_F.C._season,Page not found
http://en.wikipedia.org/wiki/List_of_German_presidents_by_longevity,Page not found
http://en.wikipedia.org/wiki/List_of_international_cricket_centuries_at_the_Pallekele_International_Cricket_Stadium,Page not found
http://en.wikipedia.org/wiki/List_of_countries_by_HIV/AIDS_adult_prevalence_rate,Page not found
http://en.wikipedia.org/wiki/List_of_Academy_Award_for_Best_Director_winners_by_age,Page not found
"http://en.wikipedia.org/wiki/Aplaya,_Cabuyao",Page not found
http://en.wikipedia.org/wiki/V/Line_G_class,Page not found
http://en.wikipedia.org/wiki/2015%E2%80%9316_S%C3%A3o_Vicente_Island_League,Page not found
http://en.wikipedia.org/wiki/Emile_Ghantous,Page not found
http://en.wikipedia.org/wiki/List_of_countries_by_HIV/AIDS_adult_prevalence_rate,Page not found
http://en.wikipedia.org/wiki/Anton_Zafir,Page not found
http://en.wikipedia.org/wiki/Retired_MTA_Regional_Bus_Operations_bus_fleet,Page not found
http://en.wikipedia.org/wiki/List_of_NWA/WCW_closed-circuit_events_and_pay-per-view_events,Page not found
http://en.wikipedia.org/wiki/Basia_A'Hern,Page not found
http://en.wikipedia.org/wiki/List_of_number-one_R%26B/hip-hop_songs_of_2010_(U.S.),Page not found
http://en.wikipedia.org/wiki/List_of_Turing_Award_laureates_by_university_affiliation,Page not found
http://en.wikipedia.org/wiki/List_of_NWA/WCW_closed-circuit_events_and_pay-per-view_events,Page not found
http://en.wikipedia.org/wiki/List_of_Games_with_Gold_games,Page not found
http://en.wikipedia.org/wiki/List_of_Penthouse_Pets,Page not found
http://en.wikipedia.org/wiki/Geospatial_summary_of_the_High_Peaks/Summits_of_the_Juneau_Icefield,Page not found
http://en.wikipedia.org/wiki/Enrique_Mar%C3%ADn,Page not found
http://en.wikipedia.org/wiki/List_of_youngest_birth_mothers,Page not found
http://en.wikipedia.org/wiki/Seth_Dikun,Page not found
http://en.wikipedia.org/wiki/List_of_Prime_Ministers_of_Australia_by_age,Page not found
http://en.wikipedia.org/wiki/Nedim_Jahi%C4%87,Page not found
http://en.wikipedia.org/wiki/List_of_international_cricket_five-wicket_hauls_at_Bangabandhu_National_Stadium,Page not found
http://en.wikipedia.org/wiki/List_of_NWA/WCW_closed-circuit_events_and_pay-per-view_events,Page not found
http://en.wikipedia.org/wiki/John-Paul_Lavoisier,Page not found
http://en.wikipedia.org/wiki/List_of_The_Simpsons_couch_gags,Page not found
http://en.wikipedia.org/wiki/Tony_Rapacioli,Page not found
http://en.wikipedia.org/wiki/Deepthi_Nambiar,Page not found
http://en.wikipedia.org/wiki/Tony_Soper_(actor),Page not found
http://en.wikipedia.org/wiki/Albania_in_the_Turkvision_Song_Contest,Page not found
http://en.wikipedia.org/wiki/2013%E2%80%9314_Chester_F.C._season,Page not found
