url,id,source file,table title
http://en.wikipedia.org/wiki?action=render&curid=37088665&oldid=601431950,nu-1,csv/204-csv/149.tsv,World War II casualties of Poland
http://en.wikipedia.org/wiki?action=render&curid=41540747&oldid=598770099,nu-7,csv/204-csv/875.tsv,2013–14 Toros Mexico season
http://en.wikipedia.org/wiki?action=render&curid=2913131&oldid=595211163,nu-9,csv/203-csv/395.tsv,Marek Plawgo
http://en.wikipedia.org/wiki?action=render&curid=19069168&oldid=599473217,nu-13,csv/204-csv/797.tsv,List of storms on the Great Lakes
http://en.wikipedia.org/wiki?action=render&curid=26970&oldid=602268253,nu-19,csv/204-csv/21.tsv,Škoda Auto
http://en.wikipedia.org/wiki?action=render&curid=16990777&oldid=600047461,nu-42,csv/203-csv/39.tsv,List of tallest freestanding structures in the world
http://en.wikipedia.org/wiki?action=render&curid=26752515&oldid=545890252,nu-48,csv/204-csv/76.tsv,Taekwondo at the 2010 South American Games
http://en.wikipedia.org/wiki?action=render&curid=403545&oldid=601781618,nu-69,csv/204-csv/368.tsv,Great Officer of State
http://en.wikipedia.org/wiki?action=render&curid=8827253&oldid=601417865,nu-72,csv/203-csv/66.tsv,Toy safety
http://en.wikipedia.org/wiki?action=render&curid=32099487&oldid=439372963,nu-73,csv/204-csv/181.tsv,Television stations in Chiapas
http://en.wikipedia.org/wiki?action=render&curid=33669874&oldid=459525088,nu-75,csv/204-csv/993.tsv,1954 Ottawa Rough Riders season
http://en.wikipedia.org/wiki?action=render&curid=9250102&oldid=594346928,nu-83,csv/204-csv/303.tsv,1993 German motorcycle Grand Prix
http://en.wikipedia.org/wiki?action=render&curid=8007211&oldid=591778768,nu-93,csv/203-csv/647.tsv,Tony Gulotta
http://en.wikipedia.org/wiki?action=render&curid=17788857&oldid=587801320,nu-106,csv/204-csv/315.tsv,Leonor Piuza
http://en.wikipedia.org/wiki?action=render&curid=2960754&oldid=600814431,nu-107,csv/203-csv/666.tsv,Immigration to France
http://en.wikipedia.org/wiki?action=render&curid=34201152&oldid=602336641,nu-112,csv/204-csv/134.tsv,Windows Server 2012
http://en.wikipedia.org/wiki?action=render&curid=6911&oldid=602462557,nu-134,csv/203-csv/162.tsv,Cellulose
http://en.wikipedia.org/wiki?action=render&curid=24553860&oldid=597030748,nu-139,csv/204-csv/372.tsv,Comparison of educational websites for children
http://en.wikipedia.org/wiki?action=render&curid=93117&oldid=601620076,nu-162,csv/200-csv/8.tsv,"Geauga County, Ohio"
http://en.wikipedia.org/wiki?action=render&curid=18755745&oldid=547684026,nu-170,csv/203-csv/65.tsv,Olga Tereshkova
http://en.wikipedia.org/wiki?action=render&curid=17917&oldid=602223953,nu-190,csv/203-csv/641.tsv,Lars von Trier
http://en.wikipedia.org/wiki?action=render&curid=3216974&oldid=601849822,nu-193,csv/204-csv/86.tsv,List of Iron Chef America episodes
http://en.wikipedia.org/wiki?action=render&curid=11034066&oldid=601443126,nu-198,csv/204-csv/407.tsv,Mao Inoue
http://en.wikipedia.org/wiki?action=render&curid=36830033&oldid=600587362,nu-203,csv/204-csv/719.tsv,India–Pakistan field hockey rivalry
http://en.wikipedia.org/wiki?action=render&curid=5710555&oldid=598450058,nu-205,csv/204-csv/531.tsv,1998 CART season
http://en.wikipedia.org/wiki?action=render&curid=25438888&oldid=545807574,nu-211,csv/204-csv/417.tsv,1971 Trans-AMA motocross series
http://en.wikipedia.org/wiki?action=render&curid=13812172&oldid=578633471,nu-215,csv/204-csv/695.tsv,1980–81 San Antonio Spurs season
http://en.wikipedia.org/wiki?action=render&curid=2347275&oldid=600206041,nu-217,csv/203-csv/785.tsv,Tamera Mowry
http://en.wikipedia.org/wiki?action=render&curid=33611109&oldid=601611669,nu-219,csv/204-csv/83.tsv,2007–08 Washington Huskies men's basketball team
http://en.wikipedia.org/wiki?action=render&curid=26748418&oldid=551488617,nu-224,csv/204-csv/233.tsv,List of London's Burning episodes (series 10)
http://en.wikipedia.org/wiki?action=render&curid=3378001&oldid=588554365,nu-225,csv/203-csv/766.tsv,Ismael Urzaiz
http://en.wikipedia.org/wiki?action=render&curid=1027329&oldid=601995160,nu-239,csv/203-csv/415.tsv,Ducati 916
http://en.wikipedia.org/wiki?action=render&curid=32110832&oldid=570750586,nu-241,csv/204-csv/97.tsv,2001 Batang Red Bull Thunder season
http://en.wikipedia.org/wiki?action=render&curid=24779173&oldid=562235447,nu-247,csv/204-csv/305.tsv,2010 Formula BMW Europe season
http://en.wikipedia.org/wiki?action=render&curid=5843068&oldid=564016796,nu-254,csv/203-csv/841.tsv,ICW World Heavyweight Championship
http://en.wikipedia.org/wiki?action=render&curid=1786&oldid=600845546,nu-261,csv/203-csv/684.tsv,Arabic numerals
http://en.wikipedia.org/wiki?action=render&curid=3500554&oldid=587587179,nu-302,csv/203-csv/50.tsv,Hugo Pérez (soccer)
http://en.wikipedia.org/wiki?action=render&curid=7437933&oldid=602170293,nu-317,csv/204-csv/720.tsv,Space and Upper Atmosphere Research Commission
http://en.wikipedia.org/wiki?action=render&curid=582488&oldid=602520024,nu-322,csv/204-csv/410.tsv,United States men's national soccer team
http://en.wikipedia.org/wiki?action=render&curid=22514845&oldid=597312726,nu-326,csv/204-csv/478.tsv,List of Kentucky Derby broadcasters
http://en.wikipedia.org/wiki?action=render&curid=34259238&oldid=580634529,nu-330,csv/204-csv/458.tsv,1978 Trans-Am season
http://en.wikipedia.org/wiki?action=render&curid=41714791&oldid=596069475,nu-341,csv/204-csv/931.tsv,Masters M40 100 metres world record progression
http://en.wikipedia.org/wiki?action=render&curid=13043064&oldid=563374896,nu-357,csv/204-csv/491.tsv,2007 Bavaria Champ Car Grand Prix
http://en.wikipedia.org/wiki?action=render&curid=20136687&oldid=573517334,nu-361,csv/204-csv/892.tsv,1999 Dutch TT
http://en.wikipedia.org/wiki?action=render&curid=18977749&oldid=564564921,nu-368,csv/203-csv/819.tsv,Martina Hrašnová
http://en.wikipedia.org/wiki?action=render&curid=18603359&oldid=587246251,nu-372,csv/203-csv/709.tsv,List of awards and nominations received by Charlie Sheen
http://en.wikipedia.org/wiki?action=render&curid=13522422&oldid=602416335,nu-381,csv/203-csv/432.tsv,"United States House of Representatives elections in Colorado, 2008"
http://en.wikipedia.org/wiki?action=render&curid=9807753&oldid=597402201,nu-382,csv/203-csv/140.tsv,Snooker season 1996/1997
http://en.wikipedia.org/wiki?action=render&curid=9315893&oldid=592119774,nu-406,csv/203-csv/87.tsv,JumpStart Adventures 3rd Grade: Mystery Mountain
http://en.wikipedia.org/wiki?action=render&curid=31362322&oldid=598971141,nu-412,csv/204-csv/844.tsv,2006 IAAF World Indoor Championships – Men's high jump
http://en.wikipedia.org/wiki?action=render&curid=2014301&oldid=596833877,nu-413,csv/202-csv/270.tsv,Mudanjiang
http://en.wikipedia.org/wiki?action=render&curid=3198442&oldid=590367529,nu-414,csv/203-csv/259.tsv,Melissa Morrison-Howard
http://en.wikipedia.org/wiki?action=render&curid=4096292&oldid=600546466,nu-417,csv/204-csv/112.tsv,Tommy Moe
http://en.wikipedia.org/wiki?action=render&curid=21608281&oldid=589733959,nu-422,csv/203-csv/427.tsv,PSL Players' Player of the Season
http://en.wikipedia.org/wiki?action=render&curid=27805909&oldid=602290018,nu-427,csv/204-csv/810.tsv,Zoom (1999 TV series)
http://en.wikipedia.org/wiki?action=render&curid=5281492&oldid=601905876,nu-432,csv/203-csv/822.tsv,Hawaii Islanders
http://en.wikipedia.org/wiki?action=render&curid=20903416&oldid=596353148,nu-449,csv/203-csv/217.tsv,David Cleevely
http://en.wikipedia.org/wiki?action=render&curid=12573588&oldid=597203651,nu-471,csv/204-csv/682.tsv,Figure skating at the Asian Winter Games
http://en.wikipedia.org/wiki?action=render&curid=6231324&oldid=590811140,nu-472,csv/204-csv/519.tsv,1955 NFL Draft
http://en.wikipedia.org/wiki?action=render&curid=19883020&oldid=577697226,nu-473,csv/203-csv/85.tsv,Princess Disneymania
http://en.wikipedia.org/wiki?action=render&curid=649481&oldid=602101181,nu-483,csv/203-csv/448.tsv,Film industry
http://en.wikipedia.org/wiki?action=render&curid=34682697&oldid=602166696,nu-484,csv/204-csv/348.tsv,Ailee
http://en.wikipedia.org/wiki?action=render&curid=3443858&oldid=584059784,nu-505,csv/203-csv/566.tsv,1981 NHL Entry Draft
http://en.wikipedia.org/wiki?action=render&curid=26022020&oldid=584658004,nu-506,csv/204-csv/434.tsv,John B. England
http://en.wikipedia.org/wiki?action=render&curid=5729749&oldid=602186345,nu-509,csv/203-csv/388.tsv,Janko Tipsarević
http://en.wikipedia.org/wiki?action=render&curid=4618848&oldid=584724762,nu-513,csv/204-csv/640.tsv,Ralph Jones
http://en.wikipedia.org/wiki?action=render&curid=658773&oldid=552719109,nu-520,csv/203-csv/458.tsv,Guardian of Zion Award
http://en.wikipedia.org/wiki?action=render&curid=14155567&oldid=538857240,nu-523,csv/203-csv/604.tsv,List of radio station callsigns in Tasmania
http://en.wikipedia.org/wiki?action=render&curid=15847691&oldid=602285399,nu-525,csv/203-csv/318.tsv,1977 Dallas Cowboys season
http://en.wikipedia.org/wiki?action=render&curid=12259352&oldid=601952579,nu-558,csv/203-csv/483.tsv,Vitaliy Denisov
http://en.wikipedia.org/wiki?action=render&curid=23905200&oldid=591895429,nu-598,csv/204-csv/578.tsv,2009 Honda 200
http://en.wikipedia.org/wiki?action=render&curid=16433861&oldid=588844833,nu-599,csv/203-csv/21.tsv,1998 Arizona Cardinals season
http://en.wikipedia.org/wiki?action=render&curid=40996808&oldid=581604354,nu-600,csv/204-csv/203.tsv,Swimming at the 1995 Pan American Games – Women's 400 metre individual medley
http://en.wikipedia.org/wiki?action=render&curid=5764248&oldid=592246169,nu-603,csv/203-csv/278.tsv,Brendan Jones (golfer)
http://en.wikipedia.org/wiki?action=render&curid=2394569&oldid=590913396,nu-604,csv/203-csv/351.tsv,Equestrian at the 1960 Summer Olympics
http://en.wikipedia.org/wiki?action=render&curid=2215294&oldid=595982120,nu-608,csv/204-csv/989.tsv,Abraham Lincoln High School (Los Angeles)
http://en.wikipedia.org/wiki?action=render&curid=701324&oldid=601853275,nu-609,csv/204-csv/995.tsv,Jacques Laffite
http://en.wikipedia.org/wiki?action=render&curid=7702396&oldid=586610473,nu-622,csv/203-csv/12.tsv,The Harvest (Boondox album)
http://en.wikipedia.org/wiki?action=render&curid=13197386&oldid=602098109,nu-649,csv/203-csv/722.tsv,Marcos Pizzelli
http://en.wikipedia.org/wiki?action=render&curid=17841851&oldid=598194499,nu-652,csv/203-csv/811.tsv,2005 East Asian Games
http://en.wikipedia.org/wiki?action=render&curid=1794033&oldid=602417279,nu-679,csv/203-csv/111.tsv,Koltsovo Airport
http://en.wikipedia.org/wiki?action=render&curid=19859265&oldid=601160729,nu-681,csv/203-csv/463.tsv,Radhika Pandit
http://en.wikipedia.org/wiki?action=render&curid=295704&oldid=596997482,nu-683,csv/200-csv/46.tsv,Ilulissat
http://en.wikipedia.org/wiki?action=render&curid=345352&oldid=602278898,nu-694,csv/203-csv/493.tsv,Hélio Castroneves
http://en.wikipedia.org/wiki?action=render&curid=599922&oldid=597229328,nu-710,csv/203-csv/304.tsv,Montreal Impact (1992–2011)
http://en.wikipedia.org/wiki?action=render&curid=1614246&oldid=584429655,nu-728,csv/203-csv/619.tsv,John D. Loudermilk
http://en.wikipedia.org/wiki?action=render&curid=3285018&oldid=599109897,nu-735,csv/204-csv/216.tsv,Speed skating at the 1972 Winter Olympics
http://en.wikipedia.org/wiki?action=render&curid=20417515&oldid=598502652,nu-749,csv/203-csv/626.tsv,Mountain peaks of Central America
http://en.wikipedia.org/wiki?action=render&curid=429681&oldid=598042989,nu-777,csv/203-csv/628.tsv,Nothingface
http://en.wikipedia.org/wiki?action=render&curid=14240677&oldid=580246334,nu-818,csv/204-csv/955.tsv,1996 Australian Sports Sedan Championship
http://en.wikipedia.org/wiki?action=render&curid=9027061&oldid=593650817,nu-825,csv/203-csv/49.tsv,The Shadiest One
http://en.wikipedia.org/wiki?action=render&curid=1122976&oldid=599820513,nu-836,csv/203-csv/275.tsv,1986 Australian Grand Prix
http://en.wikipedia.org/wiki?action=render&curid=16193566&oldid=568368551,nu-849,csv/204-csv/241.tsv,2005 Australia national football team season
http://en.wikipedia.org/wiki?action=render&curid=16655323&oldid=602167451,nu-891,csv/203-csv/605.tsv,1994 NCAA Women's Division I Basketball Tournament
http://en.wikipedia.org/wiki?action=render&curid=681310&oldid=599648315,nu-897,csv/203-csv/122.tsv,Brickyard 400
http://en.wikipedia.org/wiki?action=render&curid=16539836&oldid=601931054,nu-913,csv/203-csv/265.tsv,Health in Ethiopia
http://en.wikipedia.org/wiki?action=render&curid=7755223&oldid=556871321,nu-940,csv/203-csv/468.tsv,Kipkurui Misoi
http://en.wikipedia.org/wiki?action=render&curid=36255785&oldid=572287175,nu-955,csv/204-csv/925.tsv,2012–13 Exeter City F.C. season
http://en.wikipedia.org/wiki?action=render&curid=40466523&oldid=589094496,nu-964,csv/204-csv/367.tsv,1963–64 Michigan Wolverines men's ice hockey season
http://en.wikipedia.org/wiki?action=render&curid=24399615&oldid=600112684,nu-972,csv/204-csv/456.tsv,Russell Howard's Good News
http://en.wikipedia.org/wiki?action=render&curid=16225725&oldid=602223424,nu-1011,csv/204-csv/998.tsv,Farmer Wants a Wife (U.S. TV series)
http://en.wikipedia.org/wiki?action=render&curid=4974667&oldid=593657050,nu-1017,csv/204-csv/773.tsv,List of defunct National Basketball Association teams
http://en.wikipedia.org/wiki?action=render&curid=26945&oldid=602179975,nu-1029,csv/203-csv/159.tsv,Saint Helena
http://en.wikipedia.org/wiki?action=render&curid=34115383&oldid=601853888,nu-1033,csv/204-csv/142.tsv,List of thread standards
http://en.wikipedia.org/wiki?action=render&curid=36953740&oldid=573371913,nu-1038,csv/204-csv/65.tsv,Swimming at the 2012 Summer Paralympics – Men's 50 metre freestyle S4
http://en.wikipedia.org/wiki?action=render&curid=30222422&oldid=587024474,nu-1061,csv/204-csv/588.tsv,Omar Juma Al-Salfa
http://en.wikipedia.org/wiki?action=render&curid=18842993&oldid=592546170,nu-1078,csv/204-csv/591.tsv,1988 Atlanta Falcons season
http://en.wikipedia.org/wiki?action=render&curid=8777493&oldid=598727778,nu-1080,csv/203-csv/544.tsv,2000 Chicago Bears season
http://en.wikipedia.org/wiki?action=render&curid=8875482&oldid=589723321,nu-1097,csv/203-csv/578.tsv,Ballon d'Or 1965
http://en.wikipedia.org/wiki?action=render&curid=28777857&oldid=600329098,nu-1111,csv/204-csv/447.tsv,Duilio Beretta
http://en.wikipedia.org/wiki?action=render&curid=18596263&oldid=588294721,nu-1127,csv/203-csv/232.tsv,Russian detainees at Guantanamo Bay
http://en.wikipedia.org/wiki?action=render&curid=20207226&oldid=529619075,nu-1130,csv/204-csv/271.tsv,List of operas by Siegfried Wagner
http://en.wikipedia.org/wiki?action=render&curid=13142186&oldid=493864879,nu-1146,csv/203-csv/188.tsv,United States Ambassador to Grenada
http://en.wikipedia.org/wiki?action=render&curid=21376&oldid=587792269,nu-1187,csv/203-csv/588.tsv,Demographics of Niger
http://en.wikipedia.org/wiki?action=render&curid=35212563&oldid=596966138,nu-1195,csv/204-csv/934.tsv,2012 World Single Distance Speed Skating Championships – Men's team pursuit
http://en.wikipedia.org/wiki?action=render&curid=451158&oldid=602121045,nu-1208,csv/203-csv/329.tsv,Cheltenham Town F.C.
http://en.wikipedia.org/wiki?action=render&curid=24660799&oldid=566167238,nu-1218,csv/204-csv/656.tsv,Imparja Cup
http://en.wikipedia.org/wiki?action=render&curid=17162214&oldid=585927350,nu-1307,csv/204-csv/900.tsv,1995 U.S. Open (golf)
http://en.wikipedia.org/wiki?action=render&curid=24706126&oldid=568911334,nu-1308,csv/204-csv/919.tsv,David Rogers (singer)
http://en.wikipedia.org/wiki?action=render&curid=1241987&oldid=579145475,nu-1310,csv/204-csv/972.tsv,Kansas City Brass
http://en.wikipedia.org/wiki?action=render&curid=2897457&oldid=601362683,nu-1320,csv/203-csv/617.tsv,1989 NHL Entry Draft
http://en.wikipedia.org/wiki?action=render&curid=31617412&oldid=582307130,nu-1332,csv/204-csv/254.tsv,2006 Yokohama F. Marinos season
http://en.wikipedia.org/wiki?action=render&curid=11309481&oldid=588703830,nu-1370,csv/203-csv/334.tsv,1986 Dallas Cowboys season
http://en.wikipedia.org/wiki?action=render&curid=985229&oldid=583796520,nu-1371,csv/203-csv/360.tsv,List of world records in rowing
http://en.wikipedia.org/wiki?action=render&curid=1175660&oldid=600555564,nu-1397,csv/203-csv/821.tsv,Let's Get It On
http://en.wikipedia.org/wiki?action=render&curid=3954693&oldid=544284207,nu-1409,csv/204-csv/464.tsv,Commemorative coins of Estonia
http://en.wikipedia.org/wiki?action=render&curid=803771&oldid=601196226,nu-1414,csv/203-csv/72.tsv,Picture disc
http://en.wikipedia.org/wiki?action=render&curid=489322&oldid=602233307,nu-1487,csv/202-csv/62.tsv,Every Little Thing (band)
http://en.wikipedia.org/wiki?action=render&curid=213088&oldid=598478153,nu-1490,csv/204-csv/566.tsv,RBMK
http://en.wikipedia.org/wiki?action=render&curid=19398313&oldid=589760546,nu-1504,csv/204-csv/382.tsv,Swimming at the 2005 Mediterranean Games
http://en.wikipedia.org/wiki?action=render&curid=1122353&oldid=567057031,nu-1511,csv/203-csv/479.tsv,1966 French Grand Prix
http://en.wikipedia.org/wiki?action=render&curid=3099751&oldid=600636865,nu-1516,csv/203-csv/454.tsv,Saigon (rapper)
http://en.wikipedia.org/wiki?action=render&curid=18993314&oldid=599154758,nu-1551,csv/203-csv/556.tsv,Jan Kudlička
http://en.wikipedia.org/wiki?action=render&curid=629563&oldid=601637952,nu-1559,csv/201-csv/26.tsv,London Wasps
http://en.wikipedia.org/wiki?action=render&curid=18279139&oldid=590100730,nu-1564,csv/203-csv/849.tsv,Reina Nacional de Belleza Miss República Dominicana 2007
http://en.wikipedia.org/wiki?action=render&curid=9806920&oldid=541045695,nu-1568,csv/204-csv/46.tsv,2007 BWF Super Series
http://en.wikipedia.org/wiki?action=render&curid=16936760&oldid=552541500,nu-1580,csv/203-csv/552.tsv,2007 Buffalo Bandits season
http://en.wikipedia.org/wiki?action=render&curid=790365&oldid=597850730,nu-1622,csv/203-csv/124.tsv,Dino (singer)
http://en.wikipedia.org/wiki?action=render&curid=27977692&oldid=600794120,nu-1625,csv/204-csv/306.tsv,FINA Women's Water Polo World Cup
http://en.wikipedia.org/wiki?action=render&curid=12641798&oldid=576757806,nu-1628,csv/204-csv/247.tsv,1939 Masters Tournament
http://en.wikipedia.org/wiki?action=render&curid=11522060&oldid=596897663,nu-1630,csv/203-csv/342.tsv,Karin Knapp
http://en.wikipedia.org/wiki?action=render&curid=35291387&oldid=592079225,nu-1631,csv/204-csv/657.tsv,2012 Wisconsin Badgers football team
http://en.wikipedia.org/wiki?action=render&curid=27633673&oldid=590556008,nu-1657,csv/204-csv/890.tsv,Molemole Local Municipality
http://en.wikipedia.org/wiki?action=render&curid=7152403&oldid=589503702,nu-1686,csv/203-csv/492.tsv,Przemysław Czerwiński
http://en.wikipedia.org/wiki?action=render&curid=34075723&oldid=577658947,nu-1705,csv/204-csv/830.tsv,George Goodman Simpson
http://en.wikipedia.org/wiki?action=render&curid=1710186&oldid=589357572,nu-1709,csv/202-csv/248.tsv,Georgina Hale
http://en.wikipedia.org/wiki?action=render&curid=18301000&oldid=602250930,nu-1726,csv/203-csv/23.tsv,Daniel Tovar
http://en.wikipedia.org/wiki?action=render&curid=37314589&oldid=597825906,nu-1755,csv/204-csv/619.tsv,List of law clerks of the Supreme Court of the United States (Seat 6)
http://en.wikipedia.org/wiki?action=render&curid=8859039&oldid=551330043,nu-1769,csv/203-csv/373.tsv,Diving at the 1984 Summer Olympics – Women's 3 metre springboard
http://en.wikipedia.org/wiki?action=render&curid=33579173&oldid=591523599,nu-1793,csv/204-csv/594.tsv,2011 BWF World Junior Championships
http://en.wikipedia.org/wiki?action=render&curid=33725060&oldid=597681078,nu-1799,csv/204-csv/856.tsv,1965 Grand National
http://en.wikipedia.org/wiki?action=render&curid=42780&oldid=602220475,nu-1802,csv/201-csv/20.tsv,Nordic Council
http://en.wikipedia.org/wiki?action=render&curid=12270403&oldid=544092299,nu-1806,csv/203-csv/571.tsv,1991 CONCACAF Champions' Cup
http://en.wikipedia.org/wiki?action=render&curid=346300&oldid=557803315,nu-1814,csv/203-csv/64.tsv,2004 Summer Paralympics
http://en.wikipedia.org/wiki?action=render&curid=2151087&oldid=601683684,nu-1817,csv/203-csv/816.tsv,Shree 420
http://en.wikipedia.org/wiki?action=render&curid=10361300&oldid=552916805,nu-1837,csv/204-csv/404.tsv,1972 Minnesota Vikings season
http://en.wikipedia.org/wiki?action=render&curid=196979&oldid=602020126,nu-1842,csv/201-csv/30.tsv,Jagged Little Pill
http://en.wikipedia.org/wiki?action=render&curid=3918999&oldid=595256215,nu-1917,csv/203-csv/0.tsv,Israel at the 1972 Summer Olympics
http://en.wikipedia.org/wiki?action=render&curid=1458666&oldid=598903472,nu-1921,csv/204-csv/369.tsv,World Golf Championships
http://en.wikipedia.org/wiki?action=render&curid=5574284&oldid=602088197,nu-1923,csv/203-csv/725.tsv,Brose Baskets
http://en.wikipedia.org/wiki?action=render&curid=39841733&oldid=584712349,nu-1926,csv/204-csv/826.tsv,1930 Rome Grand Prix
http://en.wikipedia.org/wiki?action=render&curid=18786505&oldid=595933147,nu-1936,csv/203-csv/870.tsv,Festival of Pacific Arts
http://en.wikipedia.org/wiki?action=render&curid=32923239&oldid=592682144,nu-1979,csv/204-csv/380.tsv,The Farm Spain (season 1)
http://en.wikipedia.org/wiki?action=render&curid=11636453&oldid=590034832,nu-1992,csv/203-csv/310.tsv,Wiseman hypothesis
http://en.wikipedia.org/wiki?action=render&curid=16900662&oldid=588388679,nu-2020,csv/204-csv/393.tsv,Eagles–Giants rivalry
http://en.wikipedia.org/wiki?action=render&curid=14064009&oldid=585940985,nu-2069,csv/203-csv/511.tsv,2005 U.S. Open (golf)
http://en.wikipedia.org/wiki?action=render&curid=38949824&oldid=588354288,nu-2087,csv/204-csv/901.tsv,Canadian National class N-4 2-8-0
http://en.wikipedia.org/wiki?action=render&curid=2396346&oldid=600634451,nu-2123,csv/203-csv/845.tsv,"List of schools in Saginaw, Michigan"
http://en.wikipedia.org/wiki?action=render&curid=4907594&oldid=601444184,nu-2140,csv/203-csv/435.tsv,New York Americans (soccer)
http://en.wikipedia.org/wiki?action=render&curid=575044&oldid=596301472,nu-2144,csv/203-csv/690.tsv,AC Transit
http://en.wikipedia.org/wiki?action=render&curid=196277&oldid=598199505,nu-2201,csv/200-csv/24.tsv,Kodachrome
http://en.wikipedia.org/wiki?action=render&curid=36278429&oldid=588801382,nu-2223,csv/204-csv/290.tsv,2010 Woodlands Wellington FC season
http://en.wikipedia.org/wiki?action=render&curid=18646246&oldid=582514156,nu-2271,csv/204-csv/485.tsv,2008–09 Egyptian Premier League
http://en.wikipedia.org/wiki?action=render&curid=20658118&oldid=533453946,nu-2284,csv/204-csv/714.tsv,2009 Fujitsu V8 Supercar Series
http://en.wikipedia.org/wiki?action=render&curid=2093995&oldid=601332380,nu-2286,csv/204-csv/289.tsv,Orange Line (Los Angeles Metro)
http://en.wikipedia.org/wiki?action=render&curid=3369755&oldid=597512663,nu-2288,csv/203-csv/243.tsv,Boldklubben Frem
http://en.wikipedia.org/wiki?action=render&curid=1491956&oldid=598511787,nu-2391,csv/202-csv/290.tsv,Jason Weaver
http://en.wikipedia.org/wiki?action=render&curid=17672526&oldid=549195167,nu-2400,csv/203-csv/733.tsv,2008 Clásica de San Sebastián
http://en.wikipedia.org/wiki?action=render&curid=4240920&oldid=599834314,nu-2500,csv/204-csv/977.tsv,1970 Summer Universiade
http://en.wikipedia.org/wiki?action=render&curid=18982988&oldid=586627964,nu-2518,csv/203-csv/433.tsv,Men's 200 metres world record progression
http://en.wikipedia.org/wiki?action=render&curid=6737168&oldid=601815188,nu-2523,csv/203-csv/579.tsv,Toni Gonzaga
http://en.wikipedia.org/wiki?action=render&curid=2804880&oldid=601156264,nu-2538,csv/203-csv/199.tsv,Sport in Australia
http://en.wikipedia.org/wiki?action=render&curid=10504573&oldid=600940696,nu-2548,csv/203-csv/335.tsv,Kingston Transit
http://en.wikipedia.org/wiki?action=render&curid=20947776&oldid=585435417,nu-2549,csv/204-csv/224.tsv,2008 in Chinese football
http://en.wikipedia.org/wiki?action=render&curid=19638311&oldid=551474876,nu-2576,csv/203-csv/602.tsv,1949–50 Huddersfield Town F.C. season
http://en.wikipedia.org/wiki?action=render&curid=2966700&oldid=602220086,nu-2640,csv/203-csv/428.tsv,Colorado Rapids Women
http://en.wikipedia.org/wiki?action=render&curid=237720&oldid=600245928,nu-2654,csv/203-csv/120.tsv,Malbolge
http://en.wikipedia.org/wiki?action=render&curid=9423147&oldid=589132864,nu-2763,csv/204-csv/347.tsv,Athletics at the 2002 Asian Games
http://en.wikipedia.org/wiki?action=render&curid=18847715&oldid=583801420,nu-2775,csv/203-csv/361.tsv,1981 Houston Oilers season
http://en.wikipedia.org/wiki?action=render&curid=31868917&oldid=548312560,nu-2782,csv/204-csv/896.tsv,2008 F.C. Tokyo season
http://en.wikipedia.org/wiki?action=render&curid=25994278&oldid=602416084,nu-2798,csv/204-csv/331.tsv,Kristýna Plíšková
http://en.wikipedia.org/wiki?action=render&curid=16176509&oldid=595778927,nu-2815,csv/203-csv/567.tsv,2002–03 FA Cup
http://en.wikipedia.org/wiki?action=render&curid=18860968&oldid=589649910,nu-2929,csv/203-csv/514.tsv,2008 Superleague Formula season
http://en.wikipedia.org/wiki?action=render&curid=11702283&oldid=600589391,nu-2935,csv/203-csv/225.tsv,Kodava Hockey Festival
http://en.wikipedia.org/wiki?action=render&curid=1239495&oldid=574079198,nu-2980,csv/203-csv/831.tsv,Quebec lieutenant
http://en.wikipedia.org/wiki?action=render&curid=11946336&oldid=584813831,nu-2991,csv/204-csv/118.tsv,Charles Henderson High School
http://en.wikipedia.org/wiki?action=render&curid=1122490&oldid=599222217,nu-3025,csv/204-csv/953.tsv,1971 Monaco Grand Prix
http://en.wikipedia.org/wiki?action=render&curid=211869&oldid=599831265,nu-3034,csv/203-csv/585.tsv,1956 Winter Olympics
http://en.wikipedia.org/wiki?action=render&curid=1039983&oldid=590313974,nu-3090,csv/203-csv/96.tsv,Tongan paʻanga
http://en.wikipedia.org/wiki?action=render&curid=11239451&oldid=601843641,nu-3110,csv/203-csv/328.tsv,Women's Murder Club (TV series)
http://en.wikipedia.org/wiki?action=render&curid=8128304&oldid=551311260,nu-3119,csv/203-csv/503.tsv,2005–06 FIS Ski Jumping World Cup
http://en.wikipedia.org/wiki?action=render&curid=40927028&oldid=599113390,nu-3145,csv/204-csv/259.tsv,2002 Asian Athletics Championships – Men's 100 metres
http://en.wikipedia.org/wiki?action=render&curid=466604&oldid=602326444,nu-3147,csv/203-csv/86.tsv,World Open (squash)
http://en.wikipedia.org/wiki?action=render&curid=4920596&oldid=601442224,nu-3179,csv/203-csv/284.tsv,Baltimore Americans
http://en.wikipedia.org/wiki?action=render&curid=11095346&oldid=566701746,nu-3180,csv/203-csv/542.tsv,"List of Beverly Hills, 90210 episodes"
http://en.wikipedia.org/wiki?action=render&curid=21392779&oldid=566651736,nu-3210,csv/204-csv/827.tsv,Last Hero 3
http://en.wikipedia.org/wiki?action=render&curid=135072&oldid=599337766,nu-3224,csv/200-csv/18.tsv,"Yankton, South Dakota"
http://en.wikipedia.org/wiki?action=render&curid=19072602&oldid=557808551,nu-3236,csv/203-csv/380.tsv,2007 Weber Cup
http://en.wikipedia.org/wiki?action=render&curid=1341395&oldid=600675449,nu-3328,csv/203-csv/423.tsv,"United States House of Representatives elections, 2002"
http://en.wikipedia.org/wiki?action=render&curid=32104158&oldid=581550672,nu-3348,csv/204-csv/304.tsv,2011 European Team Championships Super League
http://en.wikipedia.org/wiki?action=render&curid=13505192&oldid=575064359,nu-3390,csv/203-csv/768.tsv,List of The Famous Jett Jackson episodes
http://en.wikipedia.org/wiki?action=render&curid=1537163&oldid=598434581,nu-3421,csv/202-csv/180.tsv,EMD SD60
http://en.wikipedia.org/wiki?action=render&curid=19925&oldid=547335551,nu-3422,csv/204-csv/189.tsv,IC 342/Maffei Group
http://en.wikipedia.org/wiki?action=render&curid=1793447&oldid=595943874,nu-3440,csv/202-csv/17.tsv,Ballad of Easy Rider (album)
http://en.wikipedia.org/wiki?action=render&curid=37975774&oldid=597733310,nu-3492,csv/204-csv/165.tsv,Athletics at the 1959 Mediterranean Games
http://en.wikipedia.org/wiki?action=render&curid=8202821&oldid=586496922,nu-3499,csv/203-csv/669.tsv,René Follet
http://en.wikipedia.org/wiki?action=render&curid=27609956&oldid=576402278,nu-3505,csv/204-csv/66.tsv,Morocco at the Paralympics
http://en.wikipedia.org/wiki?action=render&curid=1133733&oldid=543927270,nu-3523,csv/202-csv/273.tsv,Transcona (electoral district)
http://en.wikipedia.org/wiki?action=render&curid=11589424&oldid=597627892,nu-3547,csv/204-csv/326.tsv,Decimal floating point
http://en.wikipedia.org/wiki?action=render&curid=4221573&oldid=601896487,nu-3601,csv/203-csv/575.tsv,GameStorm.org
http://en.wikipedia.org/wiki?action=render&curid=17102076&oldid=596579529,nu-3677,csv/203-csv/227.tsv,2008–09 Sacramento Kings season
http://en.wikipedia.org/wiki?action=render&curid=19421320&oldid=599767553,nu-3743,csv/204-csv/2.tsv,Primeval Beech Forests of the Carpathians and the Ancient Beech Forests of Germany
http://en.wikipedia.org/wiki?action=render&curid=25011899&oldid=597348911,nu-3744,csv/204-csv/280.tsv,Boeing 929
http://en.wikipedia.org/wiki?action=render&curid=1852650&oldid=600684491,nu-3764,csv/204-csv/701.tsv,Divya Prabandha
http://en.wikipedia.org/wiki?action=render&curid=2045108&oldid=568211022,nu-3784,csv/204-csv/559.tsv,Henry J. Kaiser-class oiler
http://en.wikipedia.org/wiki?action=render&curid=8589869&oldid=600718139,nu-3791,csv/203-csv/181.tsv,1990 IndyCar season
http://en.wikipedia.org/wiki?action=render&curid=18314203&oldid=505510919,nu-3801,csv/204-csv/509.tsv,Swatch FIVB World Tour 2007
http://en.wikipedia.org/wiki?action=render&curid=598422&oldid=602311199,nu-3823,csv/202-csv/241.tsv,The Weather Girls
http://en.wikipedia.org/wiki?action=render&curid=7449139&oldid=589674895,nu-3838,csv/203-csv/714.tsv,"List of Little People, Big World episodes"
http://en.wikipedia.org/wiki?action=render&curid=907435&oldid=562813189,nu-3854,csv/204-csv/150.tsv,Swimming at the 2004 Summer Olympics – Men's 4 × 200 metre freestyle relay
http://en.wikipedia.org/wiki?action=render&curid=2970099&oldid=599193826,nu-3863,csv/203-csv/495.tsv,East Asian Football Federation
http://en.wikipedia.org/wiki?action=render&curid=1388818&oldid=589474846,nu-3879,csv/202-csv/110.tsv,Davis Love III
http://en.wikipedia.org/wiki?action=render&curid=20515999&oldid=562126008,nu-3895,csv/203-csv/624.tsv,Chemcedine El Araichi
http://en.wikipedia.org/wiki?action=render&curid=562679&oldid=600441857,nu-3929,csv/204-csv/432.tsv,Leander-class cruiser (1931)
http://en.wikipedia.org/wiki?action=render&curid=7743916&oldid=590006981,nu-3936,csv/203-csv/103.tsv,Royal Bahamas Defence Force
http://en.wikipedia.org/wiki?action=render&curid=3370197&oldid=599745741,nu-3950,csv/202-csv/223.tsv,Banat Bulgarians
http://en.wikipedia.org/wiki?action=render&curid=38610733&oldid=600568794,nu-4034,csv/204-csv/424.tsv,Luís Sá Silva
http://en.wikipedia.org/wiki?action=render&curid=22095580&oldid=591423032,nu-4097,csv/204-csv/499.tsv,Osaka Pro Wrestling Championship
http://en.wikipedia.org/wiki?action=render&curid=18771517&oldid=600238367,nu-4170,csv/203-csv/10.tsv,2011 ICF Canoe Sprint World Championships
http://en.wikipedia.org/wiki?action=render&curid=12536810&oldid=584051279,nu-4203,csv/204-csv/80.tsv,1987 Kansas City Chiefs season
http://en.wikipedia.org/wiki?action=render&curid=18409089&oldid=600804497,nu-4254,csv/203-csv/748.tsv,Sandro Rosell
http://en.wikipedia.org/wiki?action=render&curid=2174230&oldid=602173116,nu-4314,csv/203-csv/169.tsv,Lic. Adolfo López Mateos International Airport
http://en.wikipedia.org/wiki?action=render&curid=5867168&oldid=600964586,nu-4329,csv/203-csv/508.tsv,Nicolás Terol
http://en.wikipedia.org/wiki?action=render&curid=2662239&oldid=600814704,nu-3,csv/204-csv/803.tsv,My Brother and Me
http://en.wikipedia.org/wiki?action=render&curid=25501052&oldid=593946345,nu-4,csv/204-csv/272.tsv,Sky Track Cycling
http://en.wikipedia.org/wiki?action=render&curid=6027330&oldid=598631904,nu-5,csv/204-csv/483.tsv,Hannes Hopley
http://en.wikipedia.org/wiki?action=render&curid=20367944&oldid=593759652,nu-10,csv/204-csv/645.tsv,List of NFC champions
http://en.wikipedia.org/wiki?action=render&curid=8352185&oldid=602511463,nu-12,csv/203-csv/381.tsv,Guillermo García-López
http://en.wikipedia.org/wiki?action=render&curid=2405344&oldid=601687338,nu-14,csv/203-csv/128.tsv,Portable character set
http://en.wikipedia.org/wiki?action=render&curid=20657847&oldid=597731934,nu-15,csv/203-csv/62.tsv,1994 Alabama Crimson Tide football team
http://en.wikipedia.org/wiki?action=render&curid=4845813&oldid=596219918,nu-17,csv/203-csv/402.tsv,Love (2011 film)
http://en.wikipedia.org/wiki?action=render&curid=1010001&oldid=594266143,nu-18,csv/203-csv/319.tsv,List of hospitals in North Carolina
http://en.wikipedia.org/wiki?action=render&curid=871725&oldid=595224933,nu-20,csv/204-csv/758.tsv,Todd Martin
http://en.wikipedia.org/wiki?action=render&curid=1858574&oldid=597169151,nu-23,csv/203-csv/286.tsv,1998 Sydney to Hobart Yacht Race
http://en.wikipedia.org/wiki?action=render&curid=8517686&oldid=602442619,nu-25,csv/203-csv/178.tsv,Britain's Got Talent
http://en.wikipedia.org/wiki?action=render&curid=21447976&oldid=601220779,nu-26,csv/203-csv/63.tsv,List of awards and nominations received by Leona Lewis
http://en.wikipedia.org/wiki?action=render&curid=8888784&oldid=573268611,nu-27,csv/203-csv/307.tsv,List of Brøndby IF seasons
http://en.wikipedia.org/wiki?action=render&curid=20907552&oldid=600557902,nu-29,csv/203-csv/779.tsv,Carlo Janka
http://en.wikipedia.org/wiki?action=render&curid=11417969&oldid=601139560,nu-30,csv/204-csv/50.tsv,"List of Metrobus routes (Washington, D.C.)"
http://en.wikipedia.org/wiki?action=render&curid=41578681&oldid=598620331,nu-31,csv/204-csv/440.tsv,Super League XVIV
http://en.wikipedia.org/wiki?action=render&curid=15671752&oldid=545141904,nu-32,csv/204-csv/92.tsv,Salvatore Bettiol
http://en.wikipedia.org/wiki?action=render&curid=18195028&oldid=600781755,nu-34,csv/203-csv/825.tsv,Miss Russia 2006
http://en.wikipedia.org/wiki?action=render&curid=149577&oldid=602425469,nu-37,csv/201-csv/47.tsv,George Bush Intercontinental Airport
http://en.wikipedia.org/wiki?action=render&curid=15692953&oldid=600551212,nu-39,csv/203-csv/170.tsv,Nadia Fanchini
http://en.wikipedia.org/wiki?action=render&curid=34124058&oldid=586982350,nu-40,csv/204-csv/138.tsv,Austria's Next Topmodel (cycle 4)
http://en.wikipedia.org/wiki?action=render&curid=38680975&oldid=602508026,nu-43,csv/204-csv/943.tsv,"United States Senate elections, 2018"
http://en.wikipedia.org/wiki?action=render&curid=33500476&oldid=590104016,nu-44,csv/204-csv/8.tsv,List of The Citadel Bulldogs football seasons
http://en.wikipedia.org/wiki?action=render&curid=27708213&oldid=600625460,nu-49,csv/204-csv/857.tsv,1920–21 Newport County A.F.C. season
http://en.wikipedia.org/wiki?action=render&curid=14933707&oldid=597807653,nu-59,csv/203-csv/596.tsv,Anne Hobbs
http://en.wikipedia.org/wiki?action=render&curid=36951709&oldid=551706314,nu-78,csv/204-csv/366.tsv,2012 GoPro Indy Grand Prix of Sonoma
http://en.wikipedia.org/wiki?action=render&curid=4124671&oldid=592487320,nu-81,csv/203-csv/422.tsv,"National Register of Historic Places listings in Strafford County, New Hampshire"
http://en.wikipedia.org/wiki?action=render&curid=17707895&oldid=551357099,nu-94,csv/203-csv/582.tsv,2007–08 in Belgian football
http://en.wikipedia.org/wiki?action=render&curid=636344&oldid=602468288,nu-97,csv/202-csv/93.tsv,Gordon Ramsay
http://en.wikipedia.org/wiki?action=render&curid=11545282&oldid=597982383,nu-100,csv/203-csv/820.tsv,Utah Jazz all-time roster
http://en.wikipedia.org/wiki?action=render&curid=41178282&oldid=601310771,nu-110,csv/204-csv/285.tsv,Tommy Robredo career statistics
http://en.wikipedia.org/wiki?action=render&curid=1357052&oldid=601117169,nu-114,csv/203-csv/477.tsv,Comparison of Linux distributions
http://en.wikipedia.org/wiki?action=render&curid=3482782&oldid=597881085,nu-115,csv/204-csv/505.tsv,1996 All-Ireland Senior Hurling Championship
http://en.wikipedia.org/wiki?action=render&curid=8234230&oldid=556089060,nu-116,csv/204-csv/818.tsv,WWC Television Championship
http://en.wikipedia.org/wiki?action=render&curid=20878308&oldid=594355087,nu-118,csv/203-csv/708.tsv,1981 Iowa Hawkeyes football team
http://en.wikipedia.org/wiki?action=render&curid=21388759&oldid=600910108,nu-122,csv/203-csv/205.tsv,Dress of the Year
http://en.wikipedia.org/wiki?action=render&curid=2175309&oldid=500701458,nu-123,csv/203-csv/480.tsv,Sinnamon
http://en.wikipedia.org/wiki?action=render&curid=10671009&oldid=592303538,nu-125,csv/203-csv/194.tsv,Lieutenant Governor of Indiana
http://en.wikipedia.org/wiki?action=render&curid=4020574&oldid=601695221,nu-128,csv/203-csv/143.tsv,2005–06 Sunderland A.F.C. season
http://en.wikipedia.org/wiki?action=render&curid=7675001&oldid=586249396,nu-132,csv/203-csv/261.tsv,Floods in Saint Petersburg
http://en.wikipedia.org/wiki?action=render&curid=28191085&oldid=576785686,nu-135,csv/204-csv/908.tsv,1914–15 Aberdeen F.C. season
http://en.wikipedia.org/wiki?action=render&curid=4185705&oldid=591997825,nu-136,csv/204-csv/653.tsv,Minor major seventh chord
http://en.wikipedia.org/wiki?action=render&curid=1123080&oldid=559906204,nu-140,csv/204-csv/462.tsv,1990 British Grand Prix
http://en.wikipedia.org/wiki?action=render&curid=371296&oldid=600220806,nu-142,csv/203-csv/389.tsv,M6 Toll
http://en.wikipedia.org/wiki?action=render&curid=27142287&oldid=587713992,nu-145,csv/204-csv/744.tsv,2010–11 PFC CSKA Sofia season
http://en.wikipedia.org/wiki?action=render&curid=7116794&oldid=576349100,nu-149,csv/203-csv/53.tsv,2000 Úrvalsdeild
http://en.wikipedia.org/wiki?action=render&curid=11262088&oldid=602513325,nu-150,csv/203-csv/260.tsv,List of Presidents of the United States by age
http://en.wikipedia.org/wiki?action=render&curid=178474&oldid=600185951,nu-151,csv/202-csv/175.tsv,Levanger
http://en.wikipedia.org/wiki?action=render&curid=36402632&oldid=573936961,nu-153,csv/204-csv/116.tsv,"Cypriot presidential election, 2013"
http://en.wikipedia.org/wiki?action=render&curid=20523014&oldid=555233037,nu-155,csv/204-csv/377.tsv,List of 1998 box office number-one films in the United Kingdom
http://en.wikipedia.org/wiki?action=render&curid=1790368&oldid=598740729,nu-156,csv/202-csv/66.tsv,2005 Spanish Grand Prix
http://en.wikipedia.org/wiki?action=render&curid=18805166&oldid=589352391,nu-157,csv/203-csv/659.tsv,2003 Grand Prix of Monterey
http://en.wikipedia.org/wiki?action=render&curid=591058&oldid=600721627,nu-158,csv/202-csv/81.tsv,List of periodic comets
http://en.wikipedia.org/wiki?action=render&curid=205593&oldid=602343789,nu-166,csv/203-csv/488.tsv,Zane Grey
http://en.wikipedia.org/wiki?action=render&curid=72319&oldid=598139358,nu-168,csv/203-csv/772.tsv,Olympic Oath
http://en.wikipedia.org/wiki?action=render&curid=16670007&oldid=270902085,nu-173,csv/203-csv/662.tsv,"Opinion polling by state for the United States presidential election, 2008 (Iowa)"
http://en.wikipedia.org/wiki?action=render&curid=24566796&oldid=602296824,nu-174,csv/204-csv/390.tsv,Damen Stan 4207 patrol vessel
http://en.wikipedia.org/wiki?action=render&curid=14777223&oldid=576021737,nu-175,csv/203-csv/852.tsv,"Shooting at the 1924 Summer Olympics – Men's 100 metre team running deer, single shots"
http://en.wikipedia.org/wiki?action=render&curid=3706727&oldid=578763964,nu-177,csv/203-csv/740.tsv,Fantastic Four (1967 TV series)
http://en.wikipedia.org/wiki?action=render&curid=5659&oldid=602495077,nu-180,csv/203-csv/599.tsv,Chemical element
http://en.wikipedia.org/wiki?action=render&curid=479484&oldid=599219759,nu-187,csv/203-csv/315.tsv,I Spy (1965 TV series)
http://en.wikipedia.org/wiki?action=render&curid=1024979&oldid=602377791,nu-188,csv/204-csv/904.tsv,Haiti national football team
http://en.wikipedia.org/wiki?action=render&curid=882202&oldid=600760906,nu-204,csv/203-csv/264.tsv,BMW 7 Series (E38)
http://en.wikipedia.org/wiki?action=render&curid=3054357&oldid=600075502,nu-206,csv/204-csv/274.tsv,Land speed record for rail vehicles
http://en.wikipedia.org/wiki?action=render&curid=2508362&oldid=601361639,nu-208,csv/203-csv/443.tsv,List of places in Pennsylvania: Sa–Si
http://en.wikipedia.org/wiki?action=render&curid=24156768&oldid=569063008,nu-210,csv/204-csv/411.tsv,1960–61 Chelsea F.C. season
http://en.wikipedia.org/wiki?action=render&curid=24746005&oldid=545751406,nu-216,csv/204-csv/999.tsv,Survivor Srbija: Philippines
http://en.wikipedia.org/wiki?action=render&curid=45379&oldid=601797109,nu-226,csv/200-csv/36.tsv,Catherine Deneuve
http://en.wikipedia.org/wiki?action=render&curid=1731964&oldid=556455633,nu-242,csv/202-csv/264.tsv,List of United States national lakeshores and seashores
http://en.wikipedia.org/wiki?action=render&curid=19391923&oldid=594738788,nu-256,csv/203-csv/297.tsv,Guan Zhen
http://en.wikipedia.org/wiki?action=render&curid=17702976&oldid=589569565,nu-264,csv/204-csv/391.tsv,2008–09 Iran Pro League
http://en.wikipedia.org/wiki?action=render&curid=74575&oldid=597081501,nu-266,csv/204-csv/512.tsv,List of Israeli cities
http://en.wikipedia.org/wiki?action=render&curid=855166&oldid=596810014,nu-273,csv/201-csv/0.tsv,A Touch of Class (band)
http://en.wikipedia.org/wiki?action=render&curid=12600981&oldid=558131763,nu-279,csv/204-csv/677.tsv,List of former members of the United States House of Representatives (K)
http://en.wikipedia.org/wiki?action=render&curid=26058974&oldid=600081948,nu-291,csv/204-csv/817.tsv,Cold Blank
http://en.wikipedia.org/wiki?action=render&curid=1752906&oldid=600627143,nu-292,csv/202-csv/201.tsv,Deborah Secco
http://en.wikipedia.org/wiki?action=render&curid=72230&oldid=601771772,nu-300,csv/200-csv/37.tsv,"Max Aitken, Lord Beaverbrook"
http://en.wikipedia.org/wiki?action=render&curid=26728336&oldid=593293983,nu-307,csv/204-csv/167.tsv,List of international cricket centuries at Eden Gardens
http://en.wikipedia.org/wiki?action=render&curid=30776013&oldid=595450283,nu-310,csv/204-csv/166.tsv,Battle for the Ol' School Bell
http://en.wikipedia.org/wiki?action=render&curid=6121&oldid=601917735,nu-313,csv/201-csv/8.tsv,Central America
http://en.wikipedia.org/wiki?action=render&curid=3475565&oldid=601972119,nu-319,csv/204-csv/502.tsv,Florida Derby
http://en.wikipedia.org/wiki?action=render&curid=91655&oldid=601212351,nu-324,csv/203-csv/155.tsv,"Bexar County, Texas"
http://en.wikipedia.org/wiki?action=render&curid=12128729&oldid=588740936,nu-325,csv/203-csv/144.tsv,List of European islands by area
http://en.wikipedia.org/wiki?action=render&curid=6573050&oldid=602284406,nu-343,csv/203-csv/776.tsv,Flamurtari Vlorë
http://en.wikipedia.org/wiki?action=render&curid=5716275&oldid=597523904,nu-346,csv/203-csv/738.tsv,List of Indian timber trees
http://en.wikipedia.org/wiki?action=render&curid=471284&oldid=601138135,nu-348,csv/204-csv/5.tsv,List of experiments from Lilo &amp; Stitch
http://en.wikipedia.org/wiki?action=render&curid=20088675&oldid=600618897,nu-349,csv/203-csv/500.tsv,List of radio stations in Italy
http://en.wikipedia.org/wiki?action=render&curid=42106588&oldid=602021046,nu-363,csv/204-csv/460.tsv,Miss Panamá 2014
http://en.wikipedia.org/wiki?action=render&curid=6625970&oldid=592769693,nu-366,csv/204-csv/406.tsv,1931 Tour de France
http://en.wikipedia.org/wiki?action=render&curid=214467&oldid=600377181,nu-367,csv/204-csv/454.tsv,List of cities and towns in Romania
http://en.wikipedia.org/wiki?action=render&curid=10819266&oldid=601239994,nu-387,csv/203-csv/867.tsv,CSI (franchise)
http://en.wikipedia.org/wiki?action=render&curid=13150274&oldid=575640639,nu-389,csv/204-csv/728.tsv,Challenger LTD
http://en.wikipedia.org/wiki?action=render&curid=172255&oldid=580881801,nu-396,csv/203-csv/453.tsv,Stoewer
http://en.wikipedia.org/wiki?action=render&curid=21976378&oldid=593081343,nu-398,csv/204-csv/201.tsv,Speed skating at the 2006 Winter Olympics – Men's 1000 metres
http://en.wikipedia.org/wiki?action=render&curid=24201990&oldid=601332357,nu-403,csv/204-csv/921.tsv,Tina Weirather
http://en.wikipedia.org/wiki?action=render&curid=6916554&oldid=602413373,nu-420,csv/203-csv/68.tsv,2006 FIVB Volleyball Men's World Championship
http://en.wikipedia.org/wiki?action=render&curid=3464913&oldid=573058941,nu-421,csv/204-csv/825.tsv,Garden City Handicap
http://en.wikipedia.org/wiki?action=render&curid=10659538&oldid=591837103,nu-423,csv/203-csv/48.tsv,2001 St. Louis Rams season
http://en.wikipedia.org/wiki?action=render&curid=8562958&oldid=598299824,nu-434,csv/203-csv/863.tsv,Royal Arsenal Railway
http://en.wikipedia.org/wiki?action=render&curid=726700&oldid=598296221,nu-438,csv/203-csv/100.tsv,List of numbered routes in Massachusetts
http://en.wikipedia.org/wiki?action=render&curid=28425088&oldid=602450612,nu-441,csv/204-csv/895.tsv,Jaycen Joshua
http://en.wikipedia.org/wiki?action=render&curid=27272577&oldid=593294209,nu-443,csv/204-csv/973.tsv,List of international cricket centuries at the Feroz Shah Kotla
http://en.wikipedia.org/wiki?action=render&curid=12520862&oldid=598068598,nu-444,csv/204-csv/444.tsv,List of Big Brother (UK) housemates
http://en.wikipedia.org/wiki?action=render&curid=40744754&oldid=600761332,nu-455,csv/204-csv/545.tsv,List of works by Eero Saarinen
http://en.wikipedia.org/wiki?action=render&curid=9560055&oldid=570428984,nu-457,csv/203-csv/236.tsv,2007 Rally Norway
http://en.wikipedia.org/wiki?action=render&curid=315567&oldid=602491037,nu-462,csv/201-csv/23.tsv,Tara Strong
http://en.wikipedia.org/wiki?action=render&curid=4319673&oldid=595929624,nu-479,csv/204-csv/754.tsv,Sleaford railway station
http://en.wikipedia.org/wiki?action=render&curid=20463693&oldid=598683316,nu-481,csv/203-csv/167.tsv,Languages of South Asia
http://en.wikipedia.org/wiki?action=render&curid=99463&oldid=600811704,nu-485,csv/200-csv/11.tsv,The French Connection (film)
http://en.wikipedia.org/wiki?action=render&curid=5897551&oldid=583531845,nu-490,csv/203-csv/520.tsv,"California gubernatorial election, 1962"
http://en.wikipedia.org/wiki?action=render&curid=20195922&oldid=597679882,nu-492,csv/203-csv/546.tsv,International Lottery in Liechtenstein Foundation
http://en.wikipedia.org/wiki?action=render&curid=2230310&oldid=601866281,nu-494,csv/204-csv/674.tsv,List of Degrassi: The Next Generation episodes
http://en.wikipedia.org/wiki?action=render&curid=253082&oldid=598392078,nu-497,csv/200-csv/45.tsv,Governor of New Mexico
http://en.wikipedia.org/wiki?action=render&curid=2523577&oldid=583972107,nu-504,csv/204-csv/528.tsv,Air Force–Colorado State football rivalry
http://en.wikipedia.org/wiki?action=render&curid=19832900&oldid=596155347,nu-515,csv/203-csv/736.tsv,2008–09 KF Tirana season
http://en.wikipedia.org/wiki?action=render&curid=13643320&oldid=549326118,nu-516,csv/203-csv/101.tsv,1984 IMSA GT Championship season
http://en.wikipedia.org/wiki?action=render&curid=22537791&oldid=548471882,nu-545,csv/204-csv/264.tsv,2008 in South Korean football
http://en.wikipedia.org/wiki?action=render&curid=16606849&oldid=598054988,nu-546,csv/203-csv/625.tsv,Operation Toggle
http://en.wikipedia.org/wiki?action=render&curid=19831955&oldid=531208732,nu-553,csv/204-csv/815.tsv,List of 2008 New Zealand fuel economy ratings
http://en.wikipedia.org/wiki?action=render&curid=24697517&oldid=575240753,nu-560,csv/204-csv/412.tsv,1926 Alabama Crimson Tide football team
http://en.wikipedia.org/wiki?action=render&curid=3976803&oldid=600542648,nu-564,csv/203-csv/80.tsv,AFL Cairns
http://en.wikipedia.org/wiki?action=render&curid=18485601&oldid=600995343,nu-602,csv/204-csv/67.tsv,List of football stadiums in France
http://en.wikipedia.org/wiki?action=render&curid=30178012&oldid=559835451,nu-628,csv/204-csv/732.tsv,Trofeo Ciudad de Zaragoza
http://en.wikipedia.org/wiki?action=render&curid=16871782&oldid=564510050,nu-634,csv/203-csv/326.tsv,Chief of the National Guard Bureau
http://en.wikipedia.org/wiki?action=render&curid=4856941&oldid=598631972,nu-651,csv/203-csv/553.tsv,CF Palencia
http://en.wikipedia.org/wiki?action=render&curid=24315352&oldid=597268785,nu-659,csv/204-csv/69.tsv,List of ghost towns in Kansas
http://en.wikipedia.org/wiki?action=render&curid=207072&oldid=597848256,nu-666,csv/203-csv/369.tsv,Eagle-class patrol craft
http://en.wikipedia.org/wiki?action=render&curid=14249352&oldid=566813569,nu-673,csv/203-csv/693.tsv,1997 World Championships in Athletics – Women's 5000 metres
http://en.wikipedia.org/wiki?action=render&curid=30613890&oldid=600266361,nu-675,csv/204-csv/705.tsv,2011 USL Pro season
http://en.wikipedia.org/wiki?action=render&curid=1198579&oldid=554562919,nu-676,csv/204-csv/580.tsv,"Ohio House of Representatives membership, 125th General Assembly"
http://en.wikipedia.org/wiki?action=render&curid=19875340&oldid=561124320,nu-688,csv/203-csv/792.tsv,Alpine skiing at the 2002 Winter Paralympics
http://en.wikipedia.org/wiki?action=render&curid=69003&oldid=600876563,nu-691,csv/202-csv/154.tsv,Demographics of Bhutan
http://en.wikipedia.org/wiki?action=render&curid=223529&oldid=599013400,nu-711,csv/202-csv/86.tsv,River Trent
http://en.wikipedia.org/wiki?action=render&curid=21355232&oldid=601569175,nu-718,csv/204-csv/560.tsv,List of national parks of the United States
http://en.wikipedia.org/wiki?action=render&curid=1409106&oldid=596278391,nu-723,csv/203-csv/434.tsv,AFC Championship Game
http://en.wikipedia.org/wiki?action=render&curid=1413699&oldid=601677552,nu-737,csv/203-csv/474.tsv,Boksburg
http://en.wikipedia.org/wiki?action=render&curid=2462696&oldid=601982213,nu-750,csv/202-csv/168.tsv,Green Line (Los Angeles Metro)
http://en.wikipedia.org/wiki?action=render&curid=397145&oldid=602430604,nu-759,csv/202-csv/260.tsv,List of districts of Maharashtra
http://en.wikipedia.org/wiki?action=render&curid=1549632&oldid=581433640,nu-772,csv/202-csv/186.tsv,Africa Squadron
http://en.wikipedia.org/wiki?action=render&curid=400314&oldid=599918876,nu-775,csv/203-csv/32.tsv,List of Legion of Super-Heroes members
http://en.wikipedia.org/wiki?action=render&curid=18773717&oldid=592580574,nu-824,csv/203-csv/840.tsv,List of Ambassadors of Russia to Austria
http://en.wikipedia.org/wiki?action=render&curid=5803865&oldid=602312160,nu-850,csv/204-csv/611.tsv,Narkhed
http://en.wikipedia.org/wiki?action=render&curid=28826866&oldid=596494340,nu-857,csv/204-csv/767.tsv,1992–93 Oldham Athletic A.F.C. season
http://en.wikipedia.org/wiki?action=render&curid=32432327&oldid=569544641,nu-878,csv/204-csv/316.tsv,Diving at the 2011 World Aquatics Championships – Women's 1 metre springboard
http://en.wikipedia.org/wiki?action=render&curid=391591&oldid=602336643,nu-883,csv/202-csv/128.tsv,List of refractive indices
http://en.wikipedia.org/wiki?action=render&curid=31018895&oldid=576612737,nu-884,csv/204-csv/497.tsv,2011–12 NHL suspensions and fines
http://en.wikipedia.org/wiki?action=render&curid=8260448&oldid=602234640,nu-887,csv/203-csv/472.tsv,El Clásico de Clásicos
http://en.wikipedia.org/wiki?action=render&curid=24239362&oldid=601983293,nu-899,csv/204-csv/819.tsv,Mexican records in athletics
http://en.wikipedia.org/wiki?action=render&curid=19772919&oldid=545464593,nu-920,csv/203-csv/75.tsv,2003 Houston Comets season
http://en.wikipedia.org/wiki?action=render&curid=1655344&oldid=600560901,nu-975,csv/202-csv/216.tsv,List of Singapore LRT stations
http://en.wikipedia.org/wiki?action=render&curid=36912559&oldid=546396953,nu-996,csv/204-csv/82.tsv,List of Places of Scenic Beauty of Japan (Hiroshima)
http://en.wikipedia.org/wiki?action=render&curid=2176354&oldid=595095037,nu-999,csv/203-csv/45.tsv,List of XML and HTML character entity references
http://en.wikipedia.org/wiki?action=render&curid=476077&oldid=601399948,nu-1056,csv/201-csv/4.tsv,NAACP Image Award for Outstanding Supporting Actor in a Motion Picture
http://en.wikipedia.org/wiki?action=render&curid=5704612&oldid=561729767,nu-1100,csv/203-csv/487.tsv,Pieter de Villiers (athlete)
http://en.wikipedia.org/wiki?action=render&curid=94478&oldid=597893834,nu-1172,csv/204-csv/715.tsv,London Borough of Redbridge
http://en.wikipedia.org/wiki?action=render&curid=33933109&oldid=572001846,nu-1189,csv/204-csv/702.tsv,1977–78 Copa del Rey
http://en.wikipedia.org/wiki?action=render&curid=15271640&oldid=594078870,nu-1226,csv/203-csv/73.tsv,Lukáš Lacko
http://en.wikipedia.org/wiki?action=render&curid=8526454&oldid=596725810,nu-1278,csv/203-csv/658.tsv,New South Wales 90 class locomotive
http://en.wikipedia.org/wiki?action=render&curid=24237138&oldid=540271403,nu-1283,csv/204-csv/182.tsv,"Solar eclipse of May 20, 2012"
http://en.wikipedia.org/wiki?action=render&curid=30153812&oldid=600629580,nu-1285,csv/204-csv/848.tsv,1950–51 Newport County A.F.C. season
http://en.wikipedia.org/wiki?action=render&curid=1160639&oldid=599017094,nu-1298,csv/202-csv/119.tsv,Churnet Valley Railway
http://en.wikipedia.org/wiki?action=render&curid=280312&oldid=602301597,nu-1435,csv/202-csv/48.tsv,Glasgow Airport
http://en.wikipedia.org/wiki?action=render&curid=3359333&oldid=587679253,nu-1500,csv/202-csv/64.tsv,James Brooks (American football)
http://en.wikipedia.org/wiki?action=render&curid=22689&oldid=602064481,nu-1507,csv/200-csv/9.tsv,Oncogene
http://en.wikipedia.org/wiki?action=render&curid=143678&oldid=600752912,nu-1652,csv/200-csv/34.tsv,Silent Witness
http://en.wikipedia.org/wiki?action=render&curid=3697139&oldid=602491854,nu-1722,csv/202-csv/92.tsv,Electoral district of Hammond
http://en.wikipedia.org/wiki?action=render&curid=19931587&oldid=596910329,nu-1834,csv/203-csv/632.tsv,CD Cudillero
http://en.wikipedia.org/wiki?action=render&curid=89514&oldid=602441732,nu-1950,csv/202-csv/228.tsv,"New London, Connecticut"
http://en.wikipedia.org/wiki?action=render&curid=3971870&oldid=602049965,nu-2019,csv/202-csv/263.tsv,List of Prime Ministers of Cambodia
http://en.wikipedia.org/wiki?action=render&curid=1814917&oldid=588532581,nu-2076,csv/202-csv/91.tsv,West Derbyshire (UK Parliament constituency)
http://en.wikipedia.org/wiki?action=render&curid=1658344&oldid=589722654,nu-2388,csv/202-csv/58.tsv,Warwick Farm Racecourse
http://en.wikipedia.org/wiki?action=render&curid=159285&oldid=602371029,nu-2540,csv/202-csv/37.tsv,Abel Prize
http://en.wikipedia.org/wiki?action=render&curid=958182&oldid=599953455,nu-2556,csv/202-csv/79.tsv,Al-Khwarizmi (crater)
http://en.wikipedia.org/wiki?action=render&curid=1637141&oldid=593894069,nu-2834,csv/202-csv/256.tsv,Tom Neal
http://en.wikipedia.org/wiki?action=render&curid=317514&oldid=595164344,nu-2844,csv/200-csv/29.tsv,Erik Nevland
http://en.wikipedia.org/wiki?action=render&curid=34640&oldid=602352050,nu-2849,csv/202-csv/258.tsv,1980
http://en.wikipedia.org/wiki?action=render&curid=3381376&oldid=598736618,nu-2901,csv/202-csv/268.tsv,Va'eira
http://en.wikipedia.org/wiki?action=render&curid=7694092&oldid=602419775,nt-2,csv/204-csv/772.tsv,Leinster Intermediate Club Football Championship
http://en.wikipedia.org/wiki?action=render&curid=1847699&oldid=600814123,nt-3,csv/203-csv/515.tsv,Playa de Oro International Airport
http://en.wikipedia.org/wiki?action=render&curid=11200856&oldid=578488589,nt-8,csv/203-csv/564.tsv,Super Aces
http://en.wikipedia.org/wiki?action=render&curid=17938337&oldid=589489953,nt-9,csv/203-csv/116.tsv,Estonia men's national volleyball team
http://en.wikipedia.org/wiki?action=render&curid=4520234&oldid=600897923,nt-14,csv/203-csv/104.tsv,List of Olympic medalists in figure skating
http://en.wikipedia.org/wiki?action=render&curid=17919901&oldid=579913983,nt-15,csv/204-csv/706.tsv,Huang Le
http://en.wikipedia.org/wiki?action=render&curid=15379441&oldid=578052996,nt-24,csv/203-csv/812.tsv,1995 World Wrestling Championships
http://en.wikipedia.org/wiki?action=render&curid=19835220&oldid=588839953,nt-29,csv/204-csv/6.tsv,Tomponsky District
http://en.wikipedia.org/wiki?action=render&curid=39647654&oldid=601406649,nt-34,csv/204-csv/552.tsv,2009–10 UCI Track Cycling World Cup Classics – Round 2 – Women's scratch race
http://en.wikipedia.org/wiki?action=render&curid=850647&oldid=600444905,nt-40,csv/203-csv/175.tsv,Sailing at the 2004 Summer Olympics
http://en.wikipedia.org/wiki?action=render&curid=38470531&oldid=595045556,nt-46,csv/204-csv/664.tsv,Biathlon World Championships 2013 – Men's pursuit
http://en.wikipedia.org/wiki?action=render&curid=4118725&oldid=591346458,nt-53,csv/203-csv/375.tsv,Aerial lift pylon
http://en.wikipedia.org/wiki?action=render&curid=2668264&oldid=577525015,nt-64,csv/204-csv/109.tsv,"United States House of Representatives elections, 1824"
http://en.wikipedia.org/wiki?action=render&curid=2455458&oldid=601840092,nt-67,csv/203-csv/631.tsv,Charmaine Sheh
http://en.wikipedia.org/wiki?action=render&curid=485779&oldid=597052066,nt-68,csv/204-csv/568.tsv,Type 21 frigate
http://en.wikipedia.org/wiki?action=render&curid=3248400&oldid=593969492,nt-69,csv/203-csv/703.tsv,Kansas–Kansas State football rivalry
http://en.wikipedia.org/wiki?action=render&curid=26026019&oldid=560975474,nt-84,csv/204-csv/643.tsv,Rimi Natsukawa discography
http://en.wikipedia.org/wiki?action=render&curid=428326&oldid=588468270,nt-87,csv/203-csv/563.tsv,United States Court of Appeals for the Fifth Circuit
http://en.wikipedia.org/wiki?action=render&curid=31511216&oldid=573502794,nt-92,csv/204-csv/668.tsv,Menteri Besar of Johor
http://en.wikipedia.org/wiki?action=render&curid=1905337&oldid=595814129,nt-94,csv/204-csv/23.tsv,List of ECW World Tag Team Champions
http://en.wikipedia.org/wiki?action=render&curid=21715268&oldid=592932552,nt-104,csv/204-csv/969.tsv,Music based on the works of Oscar Wilde
http://en.wikipedia.org/wiki?action=render&curid=12296897&oldid=569370656,nt-107,csv/204-csv/952.tsv,1989 All-Ireland Senior Hurling Championship
http://en.wikipedia.org/wiki?action=render&curid=1180129&oldid=591865553,nt-111,csv/204-csv/476.tsv,Alderney Railway
http://en.wikipedia.org/wiki?action=render&curid=2445349&oldid=600372194,nt-116,csv/203-csv/362.tsv,Ulster Schools' Cup
http://en.wikipedia.org/wiki?action=render&curid=655944&oldid=577617995,nt-124,csv/203-csv/554.tsv,25 metre pistol
http://en.wikipedia.org/wiki?action=render&curid=4004350&oldid=596493684,nt-132,csv/204-csv/336.tsv,Central Railroad of New Jersey Terminal
http://en.wikipedia.org/wiki?action=render&curid=10953705&oldid=583500645,nt-148,csv/204-csv/786.tsv,"New Democratic Party candidates, 2008 Canadian federal election"
http://en.wikipedia.org/wiki?action=render&curid=817538&oldid=586242249,nt-152,csv/204-csv/451.tsv,OQO
http://en.wikipedia.org/wiki?action=render&curid=19265746&oldid=596836018,nt-158,csv/204-csv/25.tsv,Highest mountain peaks of California
http://en.wikipedia.org/wiki?action=render&curid=35131885&oldid=600104326,nt-159,csv/204-csv/944.tsv,List of gold mines in Canada
http://en.wikipedia.org/wiki?action=render&curid=4552621&oldid=549421708,nt-160,csv/204-csv/884.tsv,France at the 1932 Summer Olympics
http://en.wikipedia.org/wiki?action=render&curid=764545&oldid=601824024,nt-177,csv/202-csv/250.tsv,Names of India
http://en.wikipedia.org/wiki?action=render&curid=5026194&oldid=602156661,nt-178,csv/204-csv/533.tsv,Alcoholic beverages in Canada
http://en.wikipedia.org/wiki?action=render&curid=4047642&oldid=532844129,nt-180,csv/202-csv/76.tsv,Electoral district of Lachlan
http://en.wikipedia.org/wiki?action=render&curid=19091266&oldid=570362607,nt-195,csv/203-csv/197.tsv,List of Top 25 singles for 1977 in Australia
http://en.wikipedia.org/wiki?action=render&curid=2046034&oldid=572159837,nt-206,csv/203-csv/339.tsv,Parnelli Jones
http://en.wikipedia.org/wiki?action=render&curid=774995&oldid=554200691,nt-208,csv/201-csv/27.tsv,Secretary of State for Canada
http://en.wikipedia.org/wiki?action=render&curid=18502565&oldid=600492139,nt-212,csv/203-csv/357.tsv,Music on The O.C.
http://en.wikipedia.org/wiki?action=render&curid=295598&oldid=600975742,nt-219,csv/203-csv/769.tsv,Sam Nujoma
http://en.wikipedia.org/wiki?action=render&curid=5399968&oldid=597670523,nt-227,csv/203-csv/55.tsv,Super Chinese
http://en.wikipedia.org/wiki?action=render&curid=17089493&oldid=601024910,nt-239,csv/203-csv/836.tsv,Spicy Horse
http://en.wikipedia.org/wiki?action=render&curid=8312777&oldid=596202660,nt-241,csv/203-csv/231.tsv,UD Alzira
http://en.wikipedia.org/wiki?action=render&curid=19258837&oldid=564305933,nt-248,csv/204-csv/913.tsv,Kasun Jayasuriya
http://en.wikipedia.org/wiki?action=render&curid=19999477&oldid=589456169,nt-250,csv/204-csv/267.tsv,1921–22 FA Cup
http://en.wikipedia.org/wiki?action=render&curid=28578233&oldid=592950854,nt-255,csv/204-csv/666.tsv,Iran Mercantile Exchange
http://en.wikipedia.org/wiki?action=render&curid=15641996&oldid=526123445,nt-260,csv/203-csv/788.tsv,Kurt Maschler Award
http://en.wikipedia.org/wiki?action=render&curid=40455&oldid=602035763,nt-262,csv/201-csv/3.tsv,Monterrey
http://en.wikipedia.org/wiki?action=render&curid=12447020&oldid=587551009,nt-264,csv/203-csv/837.tsv,"List of tallest buildings in Columbus, Ohio"
http://en.wikipedia.org/wiki?action=render&curid=26789660&oldid=601830226,nt-267,csv/204-csv/526.tsv,2010–11 North Carolina Tar Heels men's basketball team
http://en.wikipedia.org/wiki?action=render&curid=30873530&oldid=592643111,nt-270,csv/204-csv/396.tsv,List of men's major championships winning golfers
http://en.wikipedia.org/wiki?action=render&curid=21613793&oldid=549267819,nt-281,csv/203-csv/313.tsv,Wave-class oiler
http://en.wikipedia.org/wiki?action=render&curid=20393981&oldid=596202885,nt-283,csv/203-csv/783.tsv,Internacional de Madrid CF
http://en.wikipedia.org/wiki?action=render&curid=2369278&oldid=600760750,nt-292,csv/204-csv/595.tsv,60 metres
http://en.wikipedia.org/wiki?action=render&curid=357429&oldid=602245707,nt-300,csv/203-csv/401.tsv,Subdivisions of Scotland
http://en.wikipedia.org/wiki?action=render&curid=440723&oldid=555058912,nt-305,csv/203-csv/587.tsv,"SIPRI Arms Transfers Database, Iraq 1973–1990"
http://en.wikipedia.org/wiki?action=render&curid=30600392&oldid=566468093,nt-308,csv/204-csv/423.tsv,"List of Michigan State Historic Sites in Branch County, Michigan"
http://en.wikipedia.org/wiki?action=render&curid=407376&oldid=601975590,nt-312,csv/203-csv/461.tsv,The Two Ronnies
http://en.wikipedia.org/wiki?action=render&curid=34232544&oldid=595501558,nt-315,csv/204-csv/482.tsv,2001–02 Reading F.C. season
http://en.wikipedia.org/wiki?action=render&curid=6804063&oldid=601410754,nt-320,csv/204-csv/153.tsv,Łukasz Kubot
http://en.wikipedia.org/wiki?action=render&curid=30527365&oldid=569753630,nt-327,csv/204-csv/534.tsv,2010–11 UAB Blazers men's basketball team
http://en.wikipedia.org/wiki?action=render&curid=1469686&oldid=582755413,nt-330,csv/204-csv/600.tsv,Civil parishes in Merseyside
http://en.wikipedia.org/wiki?action=render&curid=20002878&oldid=596613618,nt-332,csv/203-csv/56.tsv,Historical brightest stars
http://en.wikipedia.org/wiki?action=render&curid=27740320&oldid=601878973,nt-344,csv/204-csv/30.tsv,List of preserved Hunslet narrow gauge locomotives
http://en.wikipedia.org/wiki?action=render&curid=36195486&oldid=592148253,nt-348,csv/204-csv/968.tsv,2012–13 South China AA season
http://en.wikipedia.org/wiki?action=render&curid=25132949&oldid=599915330,nt-355,csv/204-csv/105.tsv,2009–10 Fresno State Bulldogs men's basketball team
http://en.wikipedia.org/wiki?action=render&curid=27634580&oldid=560958145,nt-364,csv/204-csv/85.tsv,1999 European Tour
http://en.wikipedia.org/wiki?action=render&curid=10526612&oldid=564742729,nt-367,csv/203-csv/364.tsv,Best Driver ESPY Award
http://en.wikipedia.org/wiki?action=render&curid=11210510&oldid=602037355,nt-373,csv/204-csv/839.tsv,List of programs broadcast by Fox News Channel
http://en.wikipedia.org/wiki?action=render&curid=18180270&oldid=597866129,nt-380,csv/203-csv/667.tsv,Pearl of Africa Rally
http://en.wikipedia.org/wiki?action=render&curid=16678524&oldid=599340861,nt-392,csv/203-csv/735.tsv,1949 Philadelphia Eagles season
http://en.wikipedia.org/wiki?action=render&curid=16278349&oldid=598110036,nt-397,csv/204-csv/704.tsv,Outline of Afghanistan
http://en.wikipedia.org/wiki?action=render&curid=27813037&oldid=541239150,nt-403,csv/204-csv/768.tsv,Mother (TV series)
http://en.wikipedia.org/wiki?action=render&curid=15322968&oldid=595154755,nt-411,csv/204-csv/966.tsv,Love Comes Again
http://en.wikipedia.org/wiki?action=render&curid=16598291&oldid=548205366,nt-412,csv/204-csv/976.tsv,1963 International Gold Cup
http://en.wikipedia.org/wiki?action=render&curid=58227&oldid=601255791,nt-414,csv/200-csv/38.tsv,Arcadia
http://en.wikipedia.org/wiki?action=render&curid=6611805&oldid=591938489,nt-416,csv/203-csv/457.tsv,List of spans
http://en.wikipedia.org/wiki?action=render&curid=143298&oldid=599925430,nt-417,csv/204-csv/626.tsv,"Sarah Churchill, Duchess of Marlborough"
http://en.wikipedia.org/wiki?action=render&curid=12403519&oldid=596829806,nt-421,csv/204-csv/684.tsv,WSL World Heavyweight Championship
http://en.wikipedia.org/wiki?action=render&curid=18535494&oldid=542929534,nt-428,csv/203-csv/273.tsv,Kibi Line
http://en.wikipedia.org/wiki?action=render&curid=2276333&oldid=596438127,nt-432,csv/203-csv/475.tsv,1995 Tour de France
http://en.wikipedia.org/wiki?action=render&curid=25559093&oldid=406031952,nt-439,csv/204-csv/206.tsv,Solar Saros 160
http://en.wikipedia.org/wiki?action=render&curid=379362&oldid=602497428,nt-450,csv/203-csv/216.tsv,List of hospitals in California
http://en.wikipedia.org/wiki?action=render&curid=250724&oldid=602413741,nt-457,csv/204-csv/942.tsv,Odisha
http://en.wikipedia.org/wiki?action=render&curid=13387895&oldid=594424148,nt-458,csv/204-csv/94.tsv,Jane O'Donoghue
http://en.wikipedia.org/wiki?action=render&curid=16796432&oldid=592567911,nt-469,csv/203-csv/82.tsv,Vehicle registration plates of Arizona
http://en.wikipedia.org/wiki?action=render&curid=19595832&oldid=588870565,nt-488,csv/203-csv/857.tsv,Demographics of Budapest
http://en.wikipedia.org/wiki?action=render&curid=40339774&oldid=595829129,nt-491,csv/204-csv/151.tsv,2013–14 Harrisburg Heat season
http://en.wikipedia.org/wiki?action=render&curid=25595808&oldid=580024161,nt-493,csv/204-csv/154.tsv,Somerset County Cricket Club in 1890
http://en.wikipedia.org/wiki?action=render&curid=5838960&oldid=579852743,nt-500,csv/203-csv/787.tsv,Dublin Marathon
http://en.wikipedia.org/wiki?action=render&curid=41167561&oldid=582970864,nt-512,csv/204-csv/156.tsv,Crystal Bicycle
http://en.wikipedia.org/wiki?action=render&curid=25244849&oldid=598474128,nt-514,csv/204-csv/897.tsv,2010 Florida Gators football team
http://en.wikipedia.org/wiki?action=render&curid=125279&oldid=601588791,nt-516,csv/204-csv/317.tsv,List of metropolitan areas by population
http://en.wikipedia.org/wiki?action=render&curid=5166493&oldid=555723164,nt-517,csv/204-csv/624.tsv,Midland Empire Conference
http://en.wikipedia.org/wiki?action=render&curid=351041&oldid=587389835,nt-518,csv/204-csv/601.tsv,List of television stations in Missouri
http://en.wikipedia.org/wiki?action=render&curid=21000135&oldid=596437052,nt-531,csv/204-csv/104.tsv,List of compositions by Tomaso Albinoni
http://en.wikipedia.org/wiki?action=render&curid=172228&oldid=592294099,nt-535,csv/204-csv/751.tsv,Transrapid
http://en.wikipedia.org/wiki?action=render&curid=2349541&oldid=599227502,nt-560,csv/204-csv/828.tsv,British Standard Whitworth
http://en.wikipedia.org/wiki?action=render&curid=20948329&oldid=586462436,nt-574,csv/203-csv/460.tsv,2009 World Matchplay (darts)
http://en.wikipedia.org/wiki?action=render&curid=1589246&oldid=597302371,nt-593,csv/203-csv/876.tsv,List of monarchs of Majorca
http://en.wikipedia.org/wiki?action=render&curid=17542543&oldid=557146642,nt-614,csv/203-csv/108.tsv,Highway 57 (Israel)
http://en.wikipedia.org/wiki?action=render&curid=15385631&oldid=547592141,nt-615,csv/203-csv/654.tsv,1926 in Brazilian football
http://en.wikipedia.org/wiki?action=render&curid=17313668&oldid=486177205,nt-624,csv/203-csv/456.tsv,1968 in Japanese football
http://en.wikipedia.org/wiki?action=render&curid=396374&oldid=596743439,nt-634,csv/203-csv/316.tsv,List of political parties in Japan
http://en.wikipedia.org/wiki?action=render&curid=244829&oldid=595442098,nt-635,csv/202-csv/200.tsv,Sydney Greenstreet
http://en.wikipedia.org/wiki?action=render&curid=28843248&oldid=579659816,nt-638,csv/204-csv/117.tsv,FC Gute
http://en.wikipedia.org/wiki?action=render&curid=4371898&oldid=602226349,nt-640,csv/203-csv/200.tsv,1986 NCAA Men's Division I Basketball Tournament
http://en.wikipedia.org/wiki?action=render&curid=10944686&oldid=602467744,nt-645,csv/204-csv/371.tsv,Yoichiro Kakitani
http://en.wikipedia.org/wiki?action=render&curid=95698&oldid=600643407,nt-651,csv/204-csv/616.tsv,"Leavenworth County, Kansas"
http://en.wikipedia.org/wiki?action=render&curid=20181818&oldid=545495538,nt-652,csv/203-csv/22.tsv,Portugal in the Eurovision Song Contest 1979
http://en.wikipedia.org/wiki?action=render&curid=16636344&oldid=599346925,nt-655,csv/204-csv/426.tsv,New York Athletic Club men's soccer team
http://en.wikipedia.org/wiki?action=render&curid=863973&oldid=601286598,nt-667,csv/201-csv/36.tsv,Jennifer Tilly
http://en.wikipedia.org/wiki?action=render&curid=2735939&oldid=565888428,nt-668,csv/203-csv/99.tsv,Edmonton Indy
http://en.wikipedia.org/wiki?action=render&curid=3663132&oldid=597088067,nt-670,csv/204-csv/698.tsv,"List of gay, lesbian or bisexual people: T–V"
http://en.wikipedia.org/wiki?action=render&curid=2802698&oldid=596784577,nt-673,csv/204-csv/716.tsv,National Hurling League
http://en.wikipedia.org/wiki?action=render&curid=8794264&oldid=602114449,nt-680,csv/203-csv/54.tsv,Tourism in Brazil
http://en.wikipedia.org/wiki?action=render&curid=5538683&oldid=601870735,nt-683,csv/203-csv/234.tsv,Demographic estimates of the flight and expulsion of Germans
http://en.wikipedia.org/wiki?action=render&curid=19050471&oldid=550036333,nt-692,csv/203-csv/630.tsv,2011 Military World Games
http://en.wikipedia.org/wiki?action=render&curid=20025050&oldid=575838666,nt-694,csv/203-csv/214.tsv,"Members of the Australian House of Representatives, 1954–1955"
http://en.wikipedia.org/wiki?action=render&curid=13599969&oldid=577119656,nt-697,csv/204-csv/388.tsv,1943–44 Chicago Black Hawks season
http://en.wikipedia.org/wiki?action=render&curid=11530565&oldid=599656996,nt-711,csv/203-csv/105.tsv,List of tallest buildings in Minneapolis
http://en.wikipedia.org/wiki?action=render&curid=10139327&oldid=551967455,nt-713,csv/203-csv/466.tsv,Athletics at the 1966 Central American and Caribbean Games
http://en.wikipedia.org/wiki?action=render&curid=10317862&oldid=601300763,nt-725,csv/204-csv/74.tsv,Life Goes On (Trae album)
http://en.wikipedia.org/wiki?action=render&curid=25701410&oldid=569863841,nt-727,csv/204-csv/421.tsv,List of FC Spartak Moscow players
http://en.wikipedia.org/wiki?action=render&curid=239750&oldid=583736136,nt-730,csv/200-csv/32.tsv,Muncie Flyers
http://en.wikipedia.org/wiki?action=render&curid=6460465&oldid=541762854,nt-732,csv/203-csv/476.tsv,List of encyclicals of Pope Benedict XV
http://en.wikipedia.org/wiki?action=render&curid=926458&oldid=601125747,nt-745,csv/204-csv/625.tsv,Crest Whitestrips
http://en.wikipedia.org/wiki?action=render&curid=29770655&oldid=578583643,nt-756,csv/204-csv/784.tsv,2010–11 PFC Levski Sofia season
http://en.wikipedia.org/wiki?action=render&curid=27391&oldid=602190710,nt-761,csv/202-csv/269.tsv,Demographics of Spain
http://en.wikipedia.org/wiki?action=render&curid=35788717&oldid=597557304,nt-762,csv/204-csv/760.tsv,José Amado García
http://en.wikipedia.org/wiki?action=render&curid=18983399&oldid=561807650,nt-769,csv/203-csv/91.tsv,Arasay Thondike
http://en.wikipedia.org/wiki?action=render&curid=39612668&oldid=582442769,nt-771,csv/204-csv/342.tsv,List of France national rugby union team records
http://en.wikipedia.org/wiki?action=render&curid=19478078&oldid=576001661,nt-790,csv/203-csv/285.tsv,World Artistic Gymnastics Championships – Women's floor
http://en.wikipedia.org/wiki?action=render&curid=37754195&oldid=601046724,nt-793,csv/204-csv/903.tsv,Sophie Colquhoun
http://en.wikipedia.org/wiki?action=render&curid=979678&oldid=597945797,nt-805,csv/203-csv/874.tsv,Robert Korzeniowski
http://en.wikipedia.org/wiki?action=render&curid=23484093&oldid=597285723,nt-823,csv/204-csv/811.tsv,NWA Wrestling Legends Hall of Heroes
http://en.wikipedia.org/wiki?action=render&curid=288237&oldid=587960616,nt-825,csv/203-csv/302.tsv,List of lakes of Switzerland
http://en.wikipedia.org/wiki?action=render&curid=40662614&oldid=575024464,nt-830,csv/204-csv/59.tsv,Athletics at the 2003 Summer Universiade – Women's 800 metres
http://en.wikipedia.org/wiki?action=render&curid=3515544&oldid=602390400,nt-832,csv/204-csv/756.tsv,Justin Smith (American football)
http://en.wikipedia.org/wiki?action=render&curid=7579879&oldid=571383336,nt-836,csv/203-csv/497.tsv,1999 South Asian Games
http://en.wikipedia.org/wiki?action=render&curid=318313&oldid=600109004,nt-842,csv/204-csv/659.tsv,Electoral system of Australia
http://en.wikipedia.org/wiki?action=render&curid=6056735&oldid=569918799,nt-856,csv/203-csv/778.tsv,United States Ambassador to Honduras
http://en.wikipedia.org/wiki?action=render&curid=20675807&oldid=546870555,nt-858,csv/204-csv/752.tsv,List of National Natural Landmarks in Hawaii
http://en.wikipedia.org/wiki?action=render&curid=27254746&oldid=545913465,nt-872,csv/204-csv/974.tsv,Jalkapalloseura Airport City
http://en.wikipedia.org/wiki?action=render&curid=12402952&oldid=548081466,nt-876,csv/203-csv/70.tsv,1994 Jeux de la Francophonie
http://en.wikipedia.org/wiki?action=render&curid=4961906&oldid=591251171,nt-880,csv/204-csv/281.tsv,Chinese star maps
http://en.wikipedia.org/wiki?action=render&curid=2163765&oldid=598740642,nt-881,csv/203-csv/76.tsv,2005 British Grand Prix
http://en.wikipedia.org/wiki?action=render&curid=7238732&oldid=602335594,nt-899,csv/203-csv/213.tsv,Scropton Tramway
http://en.wikipedia.org/wiki?action=render&curid=29541264&oldid=594148773,nt-908,csv/204-csv/302.tsv,Canoeing at the 2011 Pan American Games
http://en.wikipedia.org/wiki?action=render&curid=20165480&oldid=572833791,nt-912,csv/203-csv/862.tsv,Israel in the Eurovision Song Contest 1986
http://en.wikipedia.org/wiki?action=render&curid=15205863&oldid=525204775,nt-913,csv/203-csv/648.tsv,1968 in Brazilian football
http://en.wikipedia.org/wiki?action=render&curid=1893815&oldid=593700266,nt-919,csv/203-csv/276.tsv,Fish Leong
http://en.wikipedia.org/wiki?action=render&curid=1402013&oldid=593528847,nt-939,csv/204-csv/345.tsv,The Games (UK TV series)
http://en.wikipedia.org/wiki?action=render&curid=41523522&oldid=592504586,nt-941,csv/204-csv/832.tsv,List of North American Soccer League coaches
http://en.wikipedia.org/wiki?action=render&curid=32239870&oldid=482061732,nt-944,csv/204-csv/737.tsv,GER Class N31
http://en.wikipedia.org/wiki?action=render&curid=20063335&oldid=584595672,nt-962,csv/203-csv/501.tsv,List of operettas by Ziehrer
http://en.wikipedia.org/wiki?action=render&curid=1137718&oldid=601524759,nt-963,csv/204-csv/455.tsv,1989 Formula One season
http://en.wikipedia.org/wiki?action=render&curid=32871362&oldid=593596763,nt-985,csv/204-csv/712.tsv,2011 World Championships in Athletics – Men's 20 kilometres walk
http://en.wikipedia.org/wiki?action=render&curid=17666765&oldid=601633151,nt-988,csv/204-csv/724.tsv,David Marrero
http://en.wikipedia.org/wiki?action=render&curid=671562&oldid=591734850,nt-994,csv/204-csv/128.tsv,Fables of the Reconstruction
http://en.wikipedia.org/wiki?action=render&curid=2035825&oldid=587136908,nt-1007,csv/203-csv/711.tsv,Food Network Star
http://en.wikipedia.org/wiki?action=render&curid=37982213&oldid=602216435,nt-1014,csv/204-csv/783.tsv,2013 Chicago Bears season
http://en.wikipedia.org/wiki?action=render&curid=6319030&oldid=541758715,nt-1020,csv/204-csv/265.tsv,List of encyclicals of Pope Pius IX
http://en.wikipedia.org/wiki?action=render&curid=6920895&oldid=597208138,nt-1037,csv/203-csv/20.tsv,PDC World Darts Championship
http://en.wikipedia.org/wiki?action=render&curid=10781986&oldid=561026617,nt-1040,csv/203-csv/529.tsv,2007 Aaron's 499
http://en.wikipedia.org/wiki?action=render&curid=32114162&oldid=565569015,nt-1052,csv/204-csv/779.tsv,Television stations in Morelos
http://en.wikipedia.org/wiki?action=render&curid=15516359&oldid=582202734,nt-1058,csv/203-csv/333.tsv,Highway 91 (Israel)
http://en.wikipedia.org/wiki?action=render&curid=8312536&oldid=597762092,nt-1077,csv/204-csv/395.tsv,Ken Harnden
http://en.wikipedia.org/wiki?action=render&curid=22936&oldid=602465825,nt-1078,csv/203-csv/320.tsv,Poland
http://en.wikipedia.org/wiki?action=render&curid=107924&oldid=599545049,nt-1128,csv/202-csv/99.tsv,"Indio, California"
http://en.wikipedia.org/wiki?action=render&curid=15269572&oldid=583254230,nt-1133,csv/204-csv/68.tsv,Oklahoma State Regents for Higher Education
http://en.wikipedia.org/wiki?action=render&curid=1516245&oldid=556831587,nt-1152,csv/204-csv/739.tsv,List of districts of Lima
http://en.wikipedia.org/wiki?action=render&curid=1145923&oldid=601489569,nt-1162,csv/203-csv/637.tsv,1992–93 FA Premier League
http://en.wikipedia.org/wiki?action=render&curid=15542867&oldid=598128967,nt-1175,csv/203-csv/528.tsv,Human rights in Niger
http://en.wikipedia.org/wiki?action=render&curid=12333984&oldid=540910742,nt-1176,csv/204-csv/61.tsv,Płock Governorate
http://en.wikipedia.org/wiki?action=render&curid=210732&oldid=596753227,nt-1177,csv/204-csv/88.tsv,Takashi Miike
http://en.wikipedia.org/wiki?action=render&curid=23652717&oldid=598026559,nt-1178,csv/204-csv/323.tsv,Lorenda Starfelt
http://en.wikipedia.org/wiki?action=render&curid=34348415&oldid=581015338,nt-1204,csv/204-csv/660.tsv,"United States presidential election in California, 2012"
http://en.wikipedia.org/wiki?action=render&curid=1626331&oldid=598740783,nt-1207,csv/204-csv/740.tsv,2005 Malaysian Grand Prix
http://en.wikipedia.org/wiki?action=render&curid=17309791&oldid=586133457,nt-1214,csv/203-csv/621.tsv,2000–01 New York Knicks season
http://en.wikipedia.org/wiki?action=render&curid=20521023&oldid=569681639,nt-1219,csv/204-csv/159.tsv,1921–22 Huddersfield Town F.C. season
http://en.wikipedia.org/wiki?action=render&curid=15851155&oldid=601791747,nt-1242,csv/203-csv/721.tsv,List of United States technological universities
http://en.wikipedia.org/wiki?action=render&curid=13669614&oldid=593639811,nt-1244,csv/203-csv/549.tsv,List of Major League Baseball home run records
http://en.wikipedia.org/wiki?action=render&curid=13919308&oldid=598089781,nt-1259,csv/204-csv/164.tsv,DYAP-FM
http://en.wikipedia.org/wiki?action=render&curid=2162&oldid=600861580,nt-1261,csv/200-csv/7.tsv,Afrikaans
http://en.wikipedia.org/wiki?action=render&curid=673092&oldid=599268355,nt-1272,csv/203-csv/98.tsv,Morgan Creek Productions
http://en.wikipedia.org/wiki?action=render&curid=7934862&oldid=544590888,nt-1273,csv/204-csv/496.tsv,2006 Gran Premio Telmex
http://en.wikipedia.org/wiki?action=render&curid=10592536&oldid=602244760,nt-1279,csv/203-csv/450.tsv,2007–08 Premier League
http://en.wikipedia.org/wiki?action=render&curid=21973248&oldid=592523414,nt-1291,csv/204-csv/489.tsv,List of tallest buildings in Boise
http://en.wikipedia.org/wiki?action=render&curid=16961997&oldid=551440274,nt-1293,csv/204-csv/397.tsv,Bobsleigh at the 1956 Winter Olympics – Four-man
http://en.wikipedia.org/wiki?action=render&curid=31630571&oldid=595262248,nt-1312,csv/204-csv/883.tsv,1965–66 Colchester United F.C. season
http://en.wikipedia.org/wiki?action=render&curid=10424731&oldid=581802351,nt-1314,csv/203-csv/412.tsv,1959 NCAA University Division Baseball Tournament
http://en.wikipedia.org/wiki?action=render&curid=82165&oldid=588253335,nt-1327,csv/204-csv/960.tsv,List of counties in North Carolina
http://en.wikipedia.org/wiki?action=render&curid=23494933&oldid=573357311,nt-1336,csv/204-csv/886.tsv,Swimming at the 2006 Central American and Caribbean Games – Women's 100 metre freestyle
http://en.wikipedia.org/wiki?action=render&curid=3448801&oldid=576814954,nt-1338,csv/204-csv/579.tsv,List of districts of Uttarakhand
http://en.wikipedia.org/wiki?action=render&curid=215081&oldid=602234608,nt-1344,csv/201-csv/48.tsv,Crazy Town
http://en.wikipedia.org/wiki?action=render&curid=378088&oldid=591995229,nt-1362,csv/204-csv/681.tsv,List of defense contractors
http://en.wikipedia.org/wiki?action=render&curid=37625789&oldid=590524577,nt-1371,csv/204-csv/872.tsv,Grade II listed buildings in Manchester
http://en.wikipedia.org/wiki?action=render&curid=700316&oldid=601058981,nt-1384,csv/202-csv/28.tsv,Disinflation
http://en.wikipedia.org/wiki?action=render&curid=12694965&oldid=579080680,nt-1385,csv/204-csv/286.tsv,Great South Run
http://en.wikipedia.org/wiki?action=render&curid=12821159&oldid=598898271,nt-1397,csv/203-csv/151.tsv,Martin Kaymer
http://en.wikipedia.org/wiki?action=render&curid=18007110&oldid=585793003,nt-1413,csv/203-csv/864.tsv,1929 U.S. Open (golf)
http://en.wikipedia.org/wiki?action=render&curid=19602685&oldid=570831413,nt-1446,csv/203-csv/486.tsv,1951 World Ice Hockey Championships
http://en.wikipedia.org/wiki?action=render&curid=14108808&oldid=571311886,nt-1449,csv/203-csv/305.tsv,2004–05 Vancouver Canucks season
http://en.wikipedia.org/wiki?action=render&curid=7700784&oldid=570018184,nt-1458,csv/204-csv/169.tsv,Bulgaria at the 1988 Winter Olympics
http://en.wikipedia.org/wiki?action=render&curid=18726561&oldid=594045052,nt-1470,csv/204-csv/861.tsv,1975–76 FA Cup
http://en.wikipedia.org/wiki?action=render&curid=5248494&oldid=576066397,nt-1473,csv/203-csv/665.tsv,List of lighthouses in Puerto Rico
http://en.wikipedia.org/wiki?action=render&curid=18183850&oldid=602264370,nt-1478,csv/204-csv/194.tsv,Bojana Jovanovski
http://en.wikipedia.org/wiki?action=render&curid=265941&oldid=597797035,nt-1486,csv/203-csv/352.tsv,Swara
http://en.wikipedia.org/wiki?action=render&curid=21046107&oldid=590598140,nt-1490,csv/203-csv/429.tsv,Gerhard Mayer
http://en.wikipedia.org/wiki?action=render&curid=2920758&oldid=585180670,nt-1494,csv/203-csv/299.tsv,Julian Golding
http://en.wikipedia.org/wiki?action=render&curid=6967691&oldid=596587726,nt-1512,csv/203-csv/609.tsv,Constitutional Court of Thailand
http://en.wikipedia.org/wiki?action=render&curid=10414296&oldid=593867155,nt-1527,csv/203-csv/42.tsv,Winnebago Industries
http://en.wikipedia.org/wiki?action=render&curid=2049643&oldid=600405855,nt-1531,csv/203-csv/343.tsv,1993–94 NHL season
http://en.wikipedia.org/wiki?action=render&curid=41108719&oldid=582070733,nt-1538,csv/204-csv/38.tsv,1987 Oregon Ducks football team
http://en.wikipedia.org/wiki?action=render&curid=20971982&oldid=593179903,nt-1540,csv/203-csv/784.tsv,List of Comedy Central Presents episodes
http://en.wikipedia.org/wiki?action=render&curid=38522215&oldid=594466311,nt-1544,csv/204-csv/634.tsv,2013 BWF Super Series
http://en.wikipedia.org/wiki?action=render&curid=16067721&oldid=583879506,nt-1556,csv/204-csv/791.tsv,Noosa Festival of Surfing
http://en.wikipedia.org/wiki?action=render&curid=7501228&oldid=584366139,nt-1561,csv/204-csv/470.tsv,Leinster Senior Club Hurling Championship
http://en.wikipedia.org/wiki?action=render&curid=318381&oldid=602310323,nt-1572,csv/204-csv/257.tsv,South Ossetia
http://en.wikipedia.org/wiki?action=render&curid=1830922&oldid=596392719,nt-1585,csv/202-csv/205.tsv,Jon-Erik Hexum
http://en.wikipedia.org/wiki?action=render&curid=19401556&oldid=543115072,nt-1607,csv/203-csv/848.tsv,Christo Steyn
http://en.wikipedia.org/wiki?action=render&curid=5986196&oldid=573538369,nt-1614,csv/204-csv/214.tsv,2006 German motorcycle Grand Prix
http://en.wikipedia.org/wiki?action=render&curid=18156552&oldid=601543990,nt-1627,csv/203-csv/250.tsv,Dorado Group
http://en.wikipedia.org/wiki?action=render&curid=36740106&oldid=595359109,nt-1642,csv/204-csv/205.tsv,1970 Targa Florio
http://en.wikipedia.org/wiki?action=render&curid=384873&oldid=602487397,nt-1653,csv/203-csv/340.tsv,London Southend Airport
http://en.wikipedia.org/wiki?action=render&curid=1251975&oldid=582462177,nt-1667,csv/204-csv/609.tsv,Bob Veith
http://en.wikipedia.org/wiki?action=render&curid=16351892&oldid=587812456,nt-1671,csv/203-csv/775.tsv,1960 Buffalo Bills season
http://en.wikipedia.org/wiki?action=render&curid=10083100&oldid=586481765,nt-1694,csv/203-csv/165.tsv,2012 Asian Beach Games
http://en.wikipedia.org/wiki?action=render&curid=38371899&oldid=598737396,nt-1702,csv/204-csv/292.tsv,Australia women's national wheelchair basketball team at the 2012 Summer Paralympics
http://en.wikipedia.org/wiki?action=render&curid=40740638&oldid=599116347,nt-1733,csv/204-csv/910.tsv,2003 Asian Athletics Championships – Women's triple jump
http://en.wikipedia.org/wiki?action=render&curid=12469191&oldid=600562386,nt-1734,csv/204-csv/244.tsv,Michael W. Smith discography
http://en.wikipedia.org/wiki?action=render&curid=12334051&oldid=541342738,nt-1772,csv/203-csv/88.tsv,Warsaw Governorate
http://en.wikipedia.org/wiki?action=render&curid=3919664&oldid=552852982,nt-1780,csv/204-csv/75.tsv,Olympic skeet
http://en.wikipedia.org/wiki?action=render&curid=289720&oldid=599942358,nt-1790,csv/201-csv/14.tsv,Chesapeake and Delaware Canal
http://en.wikipedia.org/wiki?action=render&curid=20917572&oldid=567453584,nt-1795,csv/203-csv/262.tsv,Casper Elgaard
http://en.wikipedia.org/wiki?action=render&curid=30892853&oldid=554106085,nt-1798,csv/204-csv/963.tsv,FIS Alpine World Ski Championships 2011 – Women's giant slalom
http://en.wikipedia.org/wiki?action=render&curid=15136619&oldid=525206191,nt-1813,csv/204-csv/814.tsv,1982 in Brazilian football
http://en.wikipedia.org/wiki?action=render&curid=261906&oldid=598801343,nt-1827,csv/203-csv/518.tsv,Middle Atlantic Conferences
http://en.wikipedia.org/wiki?action=render&curid=944084&oldid=597844901,nt-1829,csv/202-csv/11.tsv,Irwin Allen
http://en.wikipedia.org/wiki?action=render&curid=16540520&oldid=595880800,nt-1866,csv/203-csv/292.tsv,RTP audio video profile
http://en.wikipedia.org/wiki?action=render&curid=2029539&oldid=602114442,nt-1867,csv/202-csv/45.tsv,List of NWA World Heavyweight Champions
http://en.wikipedia.org/wiki?action=render&curid=16472737&oldid=545271302,nt-1885,csv/204-csv/1.tsv,Bavarian ice hockey leagues
http://en.wikipedia.org/wiki?action=render&curid=803966&oldid=542590637,nt-1905,csv/202-csv/191.tsv,"Dutch general election, 1905"
http://en.wikipedia.org/wiki?action=render&curid=14313405&oldid=601762461,nt-1931,csv/204-csv/620.tsv,Murali Sharma
http://en.wikipedia.org/wiki?action=render&curid=9114833&oldid=601485806,nt-1952,csv/203-csv/153.tsv,PHQ card
http://en.wikipedia.org/wiki?action=render&curid=19456480&oldid=577223628,nt-1967,csv/203-csv/337.tsv,Winchester 400
http://en.wikipedia.org/wiki?action=render&curid=4886532&oldid=588535097,nt-1970,csv/203-csv/248.tsv,Star Bonifacio Echeverria
http://en.wikipedia.org/wiki?action=render&curid=595089&oldid=602400850,nt-1991,csv/203-csv/376.tsv,Office of National Drug Control Policy
http://en.wikipedia.org/wiki?action=render&curid=7546461&oldid=540898200,nt-1992,csv/203-csv/377.tsv,1989 African Championships in Athletics
http://en.wikipedia.org/wiki?action=render&curid=20426137&oldid=581538064,nt-2035,csv/204-csv/929.tsv,List of windmills in Hertfordshire
http://en.wikipedia.org/wiki?action=render&curid=869290&oldid=585792471,nt-2050,csv/204-csv/564.tsv,ISO 15919
http://en.wikipedia.org/wiki?action=render&curid=15108864&oldid=576243242,nt-2055,csv/203-csv/219.tsv,Brazil at the 2008 Summer Olympics
http://en.wikipedia.org/wiki?action=render&curid=14811260&oldid=601962794,nt-2097,csv/203-csv/509.tsv,Laetare Medal
http://en.wikipedia.org/wiki?action=render&curid=16139901&oldid=549624066,nt-2103,csv/204-csv/111.tsv,Pillow Pal
http://en.wikipedia.org/wiki?action=render&curid=1192212&oldid=601943942,nt-2125,csv/202-csv/32.tsv,Nabucco
http://en.wikipedia.org/wiki?action=render&curid=19143800&oldid=551354908,nt-2151,csv/203-csv/407.tsv,"Members of the Western Australian Legislative Council, 1983–1986"
http://en.wikipedia.org/wiki?action=render&curid=395935&oldid=599256060,nt-2182,csv/203-csv/222.tsv,Jiangmen
http://en.wikipedia.org/wiki?action=render&curid=1307428&oldid=595963804,nt-2192,csv/202-csv/240.tsv,Dosage (album)
http://en.wikipedia.org/wiki?action=render&curid=18624740&oldid=563343007,nt-2193,csv/204-csv/835.tsv,Swimming at the 2008 Summer Olympics – Men's 200 metre backstroke
http://en.wikipedia.org/wiki?action=render&curid=4613928&oldid=582750314,nt-2202,csv/203-csv/661.tsv,Less Than Jake discography
http://en.wikipedia.org/wiki?action=render&curid=13153823&oldid=590705298,nt-2228,csv/203-csv/713.tsv,Jangladesh
http://en.wikipedia.org/wiki?action=render&curid=683411&oldid=598779320,nt-2254,csv/203-csv/447.tsv,Senate of Chile
http://en.wikipedia.org/wiki?action=render&curid=21958115&oldid=589575162,nt-2259,csv/204-csv/743.tsv,2009 Chinese Grand Prix
http://en.wikipedia.org/wiki?action=render&curid=14344407&oldid=601107609,nt-2284,csv/203-csv/31.tsv,1993–94 Philadelphia Flyers season
http://en.wikipedia.org/wiki?action=render&curid=30864460&oldid=601750502,nt-2307,csv/204-csv/930.tsv,Australia women's national association football team
http://en.wikipedia.org/wiki?action=render&curid=32129424&oldid=480082903,nt-2308,csv/204-csv/796.tsv,Television stations in Veracruz
http://en.wikipedia.org/wiki?action=render&curid=16280265&oldid=594344283,nt-2321,csv/204-csv/352.tsv,2008 Australian motorcycle Grand Prix
http://en.wikipedia.org/wiki?action=render&curid=19353517&oldid=571706382,nt-2330,csv/203-csv/321.tsv,Suffolk County Sheriff's Office
http://en.wikipedia.org/wiki?action=render&curid=5515839&oldid=598669673,nt-2337,csv/203-csv/485.tsv,Gauri Pradhan Tejwani
http://en.wikipedia.org/wiki?action=render&curid=31945401&oldid=549678996,nt-2529,csv/204-csv/558.tsv,"List of Michigan State Historic Sites in St. Clair County, Michigan"
http://en.wikipedia.org/wiki?action=render&curid=12278719&oldid=544866491,nt-2568,csv/203-csv/390.tsv,Team Speedway Junior World Championship
http://en.wikipedia.org/wiki?action=render&curid=609309&oldid=602026227,nt-2585,csv/203-csv/764.tsv,Destroyer escort
http://en.wikipedia.org/wiki?action=render&curid=15929248&oldid=601533673,nt-2623,csv/203-csv/507.tsv,1st unofficial Chess Olympiad
http://en.wikipedia.org/wiki?action=render&curid=990613&oldid=594506036,nt-2706,csv/203-csv/537.tsv,Patrik Berger
http://en.wikipedia.org/wiki?action=render&curid=3022418&oldid=594384430,nt-2725,csv/204-csv/703.tsv,Biathlon at the 1994 Winter Olympics
http://en.wikipedia.org/wiki?action=render&curid=11754447&oldid=577284651,nt-2760,csv/204-csv/384.tsv,Oprah's Big Give
http://en.wikipedia.org/wiki?action=render&curid=5277099&oldid=598844714,nt-2772,csv/203-csv/767.tsv,Senijad Ibričić
http://en.wikipedia.org/wiki?action=render&curid=26701098&oldid=573271305,nt-2832,csv/204-csv/453.tsv,List of Denmark national football team results – 1950s
http://en.wikipedia.org/wiki?action=render&curid=3730964&oldid=600445651,nt-2842,csv/202-csv/114.tsv,Winnipeg Transit
http://en.wikipedia.org/wiki?action=render&curid=26552042&oldid=589343855,nt-2845,csv/204-csv/171.tsv,Gran Cochisse
http://en.wikipedia.org/wiki?action=render&curid=345090&oldid=598721603,nt-2894,csv/203-csv/359.tsv,Andy Roddick
http://en.wikipedia.org/wiki?action=render&curid=14045679&oldid=600551425,nt-2936,csv/204-csv/607.tsv,Kathrin Hölzl
http://en.wikipedia.org/wiki?action=render&curid=26137666&oldid=561735665,nt-2969,csv/204-csv/808.tsv,2002 British Formula Three season
http://en.wikipedia.org/wiki?action=render&curid=3205835&oldid=559568644,nt-2992,csv/203-csv/370.tsv,Juma Ikangaa
http://en.wikipedia.org/wiki?action=render&curid=20336097&oldid=585538571,nt-3029,csv/204-csv/917.tsv,1977 Ohio State Buckeyes football team
http://en.wikipedia.org/wiki?action=render&curid=2322683&oldid=549109907,nt-3087,csv/203-csv/38.tsv,Nas &amp; Ill Will Records Presents QB's Finest
http://en.wikipedia.org/wiki?action=render&curid=7662112&oldid=586651749,nt-3135,csv/204-csv/235.tsv,Jones Kusi-Asare
http://en.wikipedia.org/wiki?action=render&curid=3726647&oldid=563401984,nt-3267,csv/202-csv/102.tsv,Most lethal American battles
http://en.wikipedia.org/wiki?action=render&curid=34290984&oldid=552471600,nt-3268,csv/204-csv/949.tsv,List of number-one albums of 2012 (Finland)
http://en.wikipedia.org/wiki?action=render&curid=9172045&oldid=580982185,nt-3277,csv/203-csv/127.tsv,2007 Seattle Mariners season
http://en.wikipedia.org/wiki?action=render&curid=24809644&oldid=587086490,nt-3284,csv/204-csv/537.tsv,Suture materials comparison chart
http://en.wikipedia.org/wiki?action=render&curid=477989&oldid=601636932,nt-3351,csv/203-csv/702.tsv,Sequence assembly
http://en.wikipedia.org/wiki?action=render&curid=34322027&oldid=593289284,nt-3364,csv/204-csv/338.tsv,Voronezh radar
http://en.wikipedia.org/wiki?action=render&curid=15665592&oldid=593640101,nt-3378,csv/204-csv/965.tsv,List of cities in the Americas by year of foundation
http://en.wikipedia.org/wiki?action=render&curid=26997345&oldid=599022062,nt-3413,csv/204-csv/401.tsv,2010 European Athletics Championships – Women's 200 metres
http://en.wikipedia.org/wiki?action=render&curid=23007226&oldid=580022833,nt-3533,csv/204-csv/250.tsv,1989 Nebraska Cornhuskers football team
http://en.wikipedia.org/wiki?action=render&curid=1276536&oldid=593386422,nt-3572,csv/203-csv/332.tsv,Victorian Goldfields Railway
http://en.wikipedia.org/wiki?action=render&curid=1344871&oldid=600162304,nt-3587,csv/202-csv/271.tsv,Holborn and St Pancras (UK Parliament constituency)
http://en.wikipedia.org/wiki?action=render&curid=35737571&oldid=584897347,nt-3727,csv/204-csv/964.tsv,National Hockey League all-time results
http://en.wikipedia.org/wiki?action=render&curid=6387660&oldid=543185439,nt-3732,csv/203-csv/355.tsv,"Unirea, Alba"
http://en.wikipedia.org/wiki?action=render&curid=65446&oldid=601797427,nt-3751,csv/200-csv/12.tsv,Zoë Wanamaker
http://en.wikipedia.org/wiki?action=render&curid=16145910&oldid=601731763,nt-3795,csv/203-csv/551.tsv,Ádám Szalai
http://en.wikipedia.org/wiki?action=render&curid=369200&oldid=600944461,nt-3801,csv/202-csv/72.tsv,5150 (album)
http://en.wikipedia.org/wiki?action=render&curid=8562294&oldid=544631758,nt-3964,csv/203-csv/519.tsv,2006 Tecate Grand Prix of Monterrey
http://en.wikipedia.org/wiki?action=render&curid=35388712&oldid=577720892,nt-3999,csv/204-csv/642.tsv,2012 Champions League Twenty20
http://en.wikipedia.org/wiki?action=render&curid=741582&oldid=591088650,nt-4108,csv/204-csv/148.tsv,List of mayors of Seattle
http://en.wikipedia.org/wiki?action=render&curid=176529&oldid=602197546,nt-4139,csv/204-csv/158.tsv,"Westmorland County, New Brunswick"
http://en.wikipedia.org/wiki?action=render&curid=1381359&oldid=585074850,nt-4145,csv/204-csv/19.tsv,All-Japan University Rugby Championship
http://en.wikipedia.org/wiki?action=render&curid=263035&oldid=599989871,nt-4175,csv/201-csv/38.tsv,Calder Memorial Trophy
http://en.wikipedia.org/wiki?action=render&curid=41244325&oldid=599361564,nt-4190,csv/204-csv/168.tsv,2013–14 Bethune-Cookman Wildcats men's basketball team
http://en.wikipedia.org/wiki?action=render&curid=12018584&oldid=591178874,nt-4199,csv/203-csv/386.tsv,Convoy ONS 5
http://en.wikipedia.org/wiki?action=render&curid=178876&oldid=602141685,nt-4287,csv/201-csv/37.tsv,"Burlington, Ontario"
http://en.wikipedia.org/wiki?action=render&curid=7689472&oldid=535292785,nt-4289,csv/203-csv/19.tsv,Petaluma and Santa Rosa Railroad
http://en.wikipedia.org/wiki?action=render&curid=60863&oldid=602276694,nt-4302,csv/201-csv/22.tsv,"Fairfield, California"
http://en.wikipedia.org/wiki?action=render&curid=20080886&oldid=593887078,nt-4426,csv/203-csv/750.tsv,Adane Girma
http://en.wikipedia.org/wiki?action=render&curid=229519&oldid=602461758,nt-4526,csv/201-csv/35.tsv,UNESCO Goodwill Ambassador
http://en.wikipedia.org/wiki?action=render&curid=22482077&oldid=599849517,nt-4566,csv/204-csv/983.tsv,FINA Diving World Series
http://en.wikipedia.org/wiki?action=render&curid=10694950&oldid=586786761,nt-4671,csv/204-csv/694.tsv,Le Tour de Filipinas
http://en.wikipedia.org/wiki?action=render&curid=1634815&oldid=597369975,nt-4777,csv/203-csv/525.tsv,Nissan SR20DET
http://en.wikipedia.org/wiki?action=render&curid=40419191&oldid=581627873,nt-4806,csv/204-csv/834.tsv,Swimming at the 1975 Pan American Games – Men's 200 metre freestyle
http://en.wikipedia.org/wiki?action=render&curid=538064&oldid=587435485,nt-4918,csv/201-csv/13.tsv,List of cities in Wisconsin
http://en.wikipedia.org/wiki?action=render&curid=344428&oldid=601796035,nt-5318,csv/202-csv/233.tsv,Field Eugene Kindley
http://en.wikipedia.org/wiki?action=render&curid=2653464&oldid=574916740,nt-5477,csv/203-csv/115.tsv,List of places in New York: C
http://en.wikipedia.org/wiki?action=render&curid=167583&oldid=601634115,nt-5695,csv/200-csv/25.tsv,BBC Radio
http://en.wikipedia.org/wiki?action=render&curid=20145439&oldid=599982343,nt-5818,csv/203-csv/747.tsv,Asian Youth Games
http://en.wikipedia.org/wiki?action=render&curid=34980632&oldid=592688526,nt-6101,csv/204-csv/219.tsv,2012 Boise State Broncos football team
http://en.wikipedia.org/wiki?action=render&curid=55606&oldid=602467553,nt-6133,csv/200-csv/42.tsv,Haifa
http://en.wikipedia.org/wiki?action=render&curid=175541&oldid=602500015,nt-6204,csv/201-csv/2.tsv,Ferris wheel
http://en.wikipedia.org/wiki?action=render&curid=8392130&oldid=602473120,nt-6589,csv/203-csv/560.tsv,List of states in the Holy Roman Empire (S)
http://en.wikipedia.org/wiki?action=render&curid=2006447&oldid=600814120,nt-6893,csv/204-csv/18.tsv,List of film lists
http://en.wikipedia.org/wiki?action=render&curid=555515&oldid=594649486,nt-7156,csv/201-csv/15.tsv,Auryn
http://en.wikipedia.org/wiki?action=render&curid=3264594&oldid=599362527,nt-7185,csv/204-csv/237.tsv,Stadio Ennio Tardini
http://en.wikipedia.org/wiki?action=render&curid=142950&oldid=602240142,nt-7211,csv/202-csv/232.tsv,1994 Group
http://en.wikipedia.org/wiki?action=render&curid=982370&oldid=560282130,nt-7231,csv/202-csv/202.tsv,Assistant Secretary of the Navy
http://en.wikipedia.org/wiki?action=render&curid=271857&oldid=602041968,nt-7823,csv/201-csv/28.tsv,Tim Schafer
http://en.wikipedia.org/wiki?action=render&curid=1799173&oldid=602333396,nt-8112,csv/202-csv/115.tsv,North Island Main Trunk
http://en.wikipedia.org/wiki?action=render&curid=348073&oldid=572083100,nt-8444,csv/202-csv/226.tsv,List of television stations in Manitoba
http://en.wikipedia.org/wiki?action=render&curid=467853&oldid=591609903,nt-8538,csv/201-csv/43.tsv,List of cities in Luxembourg
http://en.wikipedia.org/wiki?action=render&curid=1451848&oldid=602040307,nt-10056,csv/202-csv/176.tsv,Muni Metro
http://en.wikipedia.org/wiki?action=render&curid=26399982&oldid=599771975,nt-10339,csv/204-csv/220.tsv,List of UK top 10 singles in 1994
http://en.wikipedia.org/wiki?action=render&curid=1578204&oldid=570461455,nt-10621,csv/202-csv/125.tsv,Don Valley East
http://en.wikipedia.org/wiki?action=render&curid=13780922&oldid=601073348,nt-10665,csv/203-csv/92.tsv,Rinconada Bikol language
http://en.wikipedia.org/wiki?action=render&curid=953286&oldid=597894058,nt-11681,csv/201-csv/40.tsv,Silk (group)
http://en.wikipedia.org/wiki?action=render&curid=2277686&oldid=580741458,nt-12007,csv/202-csv/22.tsv,2006 Tour de France
http://en.wikipedia.org/wiki?action=render&curid=529136&oldid=602457821,nt-13445,csv/202-csv/83.tsv,Chris Webber
http://en.wikipedia.org/wiki?action=render&curid=2343224&oldid=594176314,nt-13812,csv/202-csv/277.tsv,1994 European Athletics Indoor Championships
