URL,csv_id
http://en.wikipedia.org/?curid=18424778,2-18424778-6.html.csv
http://en.wikipedia.org/?curid=1458666,2-1458666-4.html.csv
http://en.wikipedia.org/?curid=12164751,2-12164751-7.html.csv
http://en.wikipedia.org/?curid=27987623,1-27987623-1.html.csv
http://en.wikipedia.org/?curid=11036258,2-11036258-13.html.csv
http://en.wikipedia.org/?curid=11545282,2-11545282-4.html.csv
http://en.wikipedia.org/?curid=15715109,2-15715109-9.html.csv
http://en.wikipedia.org/?curid=2668420,1-2668420-17.html.csv
http://en.wikipedia.org/?curid=17245565,2-17245565-6.html.csv
http://en.wikipedia.org/?curid=11613207,2-11613207-1.html.csv
http://en.wikipedia.org/?curid=12275551,2-12275551-1.html.csv
http://en.wikipedia.org/?curid=10790804,2-10790804-13.html.csv
http://en.wikipedia.org/?curid=1123314,2-1123314-1.html.csv
http://en.wikipedia.org/?curid=14227676,2-14227676-3.html.csv
http://en.wikipedia.org/?curid=17814838,2-17814838-6.html.csv
http://en.wikipedia.org/?curid=13913673,2-13913673-5.html.csv
http://en.wikipedia.org/?curid=18379129,2-18379129-5.html.csv
http://en.wikipedia.org/?curid=13135264,2-13135264-6.html.csv
http://en.wikipedia.org/?curid=262534,1-262534-2.html.csv
http://en.wikipedia.org/?curid=18662679,2-18662679-7.html.csv
http://en.wikipedia.org/?curid=18842947,2-18842947-2.html.csv
http://en.wikipedia.org/?curid=10362162,2-10362162-2.html.csv
http://en.wikipedia.org/?curid=1219456,2-1219456-1.html.csv
http://en.wikipedia.org/?curid=1122485,2-1122485-2.html.csv
http://en.wikipedia.org/?curid=11025881,2-11025881-1.html.csv
http://en.wikipedia.org/?curid=2897457,1-2897457-3.html.csv
http://en.wikipedia.org/?curid=13649804,2-13649804-1.html.csv
http://en.wikipedia.org/?curid=16023753,2-16023753-2.html.csv
http://en.wikipedia.org/?curid=13962594,2-13962594-1.html.csv
http://en.wikipedia.org/?curid=14611590,2-14611590-3.html.csv
http://en.wikipedia.org/?curid=1554464,2-1554464-3.html.csv
http://en.wikipedia.org/?curid=15679690,2-15679690-3.html.csv
http://en.wikipedia.org/?curid=1204658,2-1204658-17.html.csv
http://en.wikipedia.org/?curid=15205941,2-15205941-2.html.csv
http://en.wikipedia.org/?curid=11097691,2-11097691-2.html.csv
http://en.wikipedia.org/?curid=10808681,2-10808681-18.html.csv
http://en.wikipedia.org/?curid=10776330,2-10776330-14.html.csv
http://en.wikipedia.org/?curid=14939494,2-14939494-2.html.csv
http://en.wikipedia.org/?curid=10651573,2-10651573-1.html.csv
http://en.wikipedia.org/?curid=27547668,1-27547668-2.html.csv
http://en.wikipedia.org/?curid=1226502,2-1226502-2.html.csv
http://en.wikipedia.org/?curid=170969,2-170969-2.html.csv
http://en.wikipedia.org/?curid=10747009,2-10747009-9.html.csv
http://en.wikipedia.org/?curid=11512626,2-11512626-6.html.csv
http://en.wikipedia.org/?curid=14584488,2-14584488-11.html.csv
http://en.wikipedia.org/?curid=12617978,2-12617978-7.html.csv
http://en.wikipedia.org/?curid=27771406,1-27771406-1.html.csv
http://en.wikipedia.org/?curid=12197750,2-12197750-6.html.csv
http://en.wikipedia.org/?curid=18935018,2-18935018-1.html.csv
http://en.wikipedia.org/?curid=12913985,2-12913985-5.html.csv
http://en.wikipedia.org/?curid=15780049,2-15780049-10.html.csv
http://en.wikipedia.org/?curid=24138601,1-24138601-2.html.csv
http://en.wikipedia.org/?curid=13810690,2-13810690-10.html.csv
http://en.wikipedia.org/?curid=12807827,2-12807827-2.html.csv
http://en.wikipedia.org/?curid=15828727,2-15828727-6.html.csv
http://en.wikipedia.org/?curid=2655016,1-2655016-4.html.csv
http://en.wikipedia.org/?curid=1123150,2-1123150-1.html.csv
http://en.wikipedia.org/?curid=16806446,2-16806446-2.html.csv
http://en.wikipedia.org/?curid=1172877,2-1172877-1.html.csv
http://en.wikipedia.org/?curid=17445673,2-17445673-2.html.csv
http://en.wikipedia.org/?curid=12572989,2-12572989-1.html.csv
http://en.wikipedia.org/?curid=1122902,2-1122902-1.html.csv
http://en.wikipedia.org/?curid=12586672,2-12586672-1.html.csv
http://en.wikipedia.org/?curid=14255774,2-14255774-8.html.csv
http://en.wikipedia.org/?curid=17964087,2-17964087-2.html.csv
http://en.wikipedia.org/?curid=14320222,2-14320222-15.html.csv
http://en.wikipedia.org/?curid=18546846,2-18546846-1.html.csv
http://en.wikipedia.org/?curid=18087075,2-18087075-2.html.csv
http://en.wikipedia.org/?curid=14883,2-14883-2.html.csv
http://en.wikipedia.org/?curid=11965402,2-11965402-8.html.csv
http://en.wikipedia.org/?curid=17389615,2-17389615-6.html.csv
http://en.wikipedia.org/?curid=12503727,2-12503727-1.html.csv
http://en.wikipedia.org/?curid=12207449,2-12207449-2.html.csv
http://en.wikipedia.org/?curid=1111175,2-1111175-9.html.csv
http://en.wikipedia.org/?curid=13044634,2-13044634-2.html.csv
http://en.wikipedia.org/?curid=12582968,2-12582968-1.html.csv
http://en.wikipedia.org/?curid=10809271,2-10809271-4.html.csv
http://en.wikipedia.org/?curid=12410929,2-12410929-70.html.csv
http://en.wikipedia.org/?curid=1064216,2-1064216-1.html.csv
http://en.wikipedia.org/?curid=11739153,2-11739153-4.html.csv
http://en.wikipedia.org/?curid=17751797,2-17751797-2.html.csv
http://en.wikipedia.org/?curid=11552877,2-11552877-1.html.csv
http://en.wikipedia.org/?curid=14820149,2-14820149-3.html.csv
http://en.wikipedia.org/?curid=10773753,2-10773753-1.html.csv
http://en.wikipedia.org/?curid=286271,1-286271-1.html.csv
http://en.wikipedia.org/?curid=12108114,2-12108114-5.html.csv
http://en.wikipedia.org/?curid=1137274,2-1137274-2.html.csv
http://en.wikipedia.org/?curid=23314951,1-23314951-4.html.csv
http://en.wikipedia.org/?curid=10788451,2-10788451-14.html.csv
http://en.wikipedia.org/?curid=11128774,2-11128774-10.html.csv
http://en.wikipedia.org/?curid=11964047,2-11964047-6.html.csv
http://en.wikipedia.org/?curid=17505751,2-17505751-2.html.csv
http://en.wikipedia.org/?curid=10776330,2-10776330-15.html.csv
http://en.wikipedia.org/?curid=12392766,2-12392766-3.html.csv
http://en.wikipedia.org/?curid=1710991,2-1710991-1.html.csv
http://en.wikipedia.org/?curid=1140095,2-1140095-1.html.csv
http://en.wikipedia.org/?curid=17471066,2-17471066-1.html.csv
http://en.wikipedia.org/?curid=1123180,2-1123180-2.html.csv
http://en.wikipedia.org/?curid=16712803,2-16712803-2.html.csv
http://en.wikipedia.org/?curid=1746765,2-1746765-1.html.csv
http://en.wikipedia.org/?curid=15198842,2-15198842-20.html.csv
http://en.wikipedia.org/?curid=2419754,1-2419754-1.html.csv
http://en.wikipedia.org/?curid=11545282,2-11545282-1.html.csv
http://en.wikipedia.org/?curid=17746881,2-17746881-1.html.csv
http://en.wikipedia.org/?curid=11636955,2-11636955-27.html.csv
http://en.wikipedia.org/?curid=17928444,2-17928444-1.html.csv
http://en.wikipedia.org/?curid=11452712,2-11452712-1.html.csv
http://en.wikipedia.org/?curid=15887683,2-15887683-4.html.csv
http://en.wikipedia.org/?curid=16218498,2-16218498-1.html.csv
http://en.wikipedia.org/?curid=1140105,2-1140105-6.html.csv
http://en.wikipedia.org/?curid=17355716,2-17355716-9.html.csv
http://en.wikipedia.org/?curid=23157997,1-23157997-13.html.csv
http://en.wikipedia.org/?curid=11916083,2-11916083-27.html.csv
http://en.wikipedia.org/?curid=1122338,2-1122338-1.html.csv
http://en.wikipedia.org/?curid=1236238,2-1236238-1.html.csv
http://en.wikipedia.org/?curid=27756014,1-27756014-5.html.csv
http://en.wikipedia.org/?curid=1621212,2-1621212-1.html.csv
http://en.wikipedia.org/?curid=10807990,2-10807990-7.html.csv
http://en.wikipedia.org/?curid=18912995,2-18912995-9.html.csv
http://en.wikipedia.org/?curid=18198579,2-18198579-6.html.csv
http://en.wikipedia.org/?curid=14604250,2-14604250-1.html.csv
http://en.wikipedia.org/?curid=14347546,2-14347546-17.html.csv
http://en.wikipedia.org/?curid=1213811,2-1213811-1.html.csv
http://en.wikipedia.org/?curid=15211468,2-15211468-5.html.csv
http://en.wikipedia.org/?curid=10826385,2-10826385-9.html.csv
http://en.wikipedia.org/?curid=11522060,2-11522060-6.html.csv
http://en.wikipedia.org/?curid=16073541,2-16073541-1.html.csv
http://en.wikipedia.org/?curid=187504,2-187504-13.html.csv
http://en.wikipedia.org/?curid=23248940,1-23248940-9.html.csv
http://en.wikipedia.org/?curid=12251219,2-12251219-2.html.csv
http://en.wikipedia.org/?curid=15089329,2-15089329-1.html.csv
http://en.wikipedia.org/?curid=10788451,2-10788451-2.html.csv
http://en.wikipedia.org/?curid=16351707,2-16351707-18.html.csv
http://en.wikipedia.org/?curid=15526447,2-15526447-1.html.csv
http://en.wikipedia.org/?curid=11677691,2-11677691-4.html.csv
http://en.wikipedia.org/?curid=12030247,2-12030247-8.html.csv
http://en.wikipedia.org/?curid=11936264,2-11936264-2.html.csv
http://en.wikipedia.org/?curid=2602958,1-2602958-5.html.csv
http://en.wikipedia.org/?curid=1233146,2-1233146-1.html.csv
http://en.wikipedia.org/?curid=11105214,2-11105214-2.html.csv
http://en.wikipedia.org/?curid=16400024,2-16400024-2.html.csv
http://en.wikipedia.org/?curid=25997153,1-25997153-1.html.csv
http://en.wikipedia.org/?curid=18855244,2-18855244-2.html.csv
http://en.wikipedia.org/?curid=14076898,2-14076898-4.html.csv
http://en.wikipedia.org/?curid=27484208,1-27484208-1.html.csv
http://en.wikipedia.org/?curid=16045118,2-16045118-20.html.csv
http://en.wikipedia.org/?curid=18048776,2-18048776-7.html.csv
http://en.wikipedia.org/?curid=18890652,2-18890652-1.html.csv
http://en.wikipedia.org/?curid=14148130,2-14148130-1.html.csv
http://en.wikipedia.org/?curid=1262592,2-1262592-1.html.csv
http://en.wikipedia.org/?curid=10234157,2-10234157-2.html.csv
http://en.wikipedia.org/?curid=1129026,2-1129026-1.html.csv
http://en.wikipedia.org/?curid=18726561,2-18726561-4.html.csv
http://en.wikipedia.org/?curid=11344569,2-11344569-3.html.csv
http://en.wikipedia.org/?curid=12523044,2-12523044-5.html.csv
http://en.wikipedia.org/?curid=10883333,2-10883333-10.html.csv
http://en.wikipedia.org/?curid=1226566,2-1226566-2.html.csv
http://en.wikipedia.org/?curid=10783853,2-10783853-3.html.csv
http://en.wikipedia.org/?curid=1715880,2-1715880-3.html.csv
http://en.wikipedia.org/?curid=1222904,2-1222904-1.html.csv
http://en.wikipedia.org/?curid=12167074,2-12167074-1.html.csv
http://en.wikipedia.org/?curid=13041602,2-13041602-7.html.csv
http://en.wikipedia.org/?curid=1137700,2-1137700-3.html.csv
http://en.wikipedia.org/?curid=10826385,2-10826385-8.html.csv
http://en.wikipedia.org/?curid=25887826,1-25887826-17.html.csv
http://en.wikipedia.org/?curid=14272086,2-14272086-7.html.csv
http://en.wikipedia.org/?curid=17455843,2-17455843-3.html.csv
http://en.wikipedia.org/?curid=1543453,2-1543453-1.html.csv
http://en.wikipedia.org/?curid=18732289,2-18732289-1.html.csv
http://en.wikipedia.org/?curid=18153721,2-18153721-5.html.csv
http://en.wikipedia.org/?curid=10918196,2-10918196-1.html.csv
http://en.wikipedia.org/?curid=1689029,2-1689029-2.html.csv
http://en.wikipedia.org/?curid=12962773,2-12962773-9.html.csv
http://en.wikipedia.org/?curid=1204658,2-1204658-16.html.csv
http://en.wikipedia.org/?curid=18789626,2-18789626-2.html.csv
http://en.wikipedia.org/?curid=1131463,2-1131463-1.html.csv
http://en.wikipedia.org/?curid=16783017,2-16783017-5.html.csv
http://en.wikipedia.org/?curid=1140114,2-1140114-1.html.csv
http://en.wikipedia.org/?curid=1226338,2-1226338-2.html.csv
http://en.wikipedia.org/?curid=15427957,2-15427957-1.html.csv
http://en.wikipedia.org/?curid=11309680,2-11309680-2.html.csv
http://en.wikipedia.org/?curid=16512496,2-16512496-2.html.csv
http://en.wikipedia.org/?curid=1517891,2-1517891-1.html.csv
http://en.wikipedia.org/?curid=12207158,2-12207158-4.html.csv
http://en.wikipedia.org/?curid=16593799,2-16593799-8.html.csv
http://en.wikipedia.org/?curid=17924362,2-17924362-1.html.csv
http://en.wikipedia.org/?curid=1122440,2-1122440-5.html.csv
http://en.wikipedia.org/?curid=1097299,2-1097299-1.html.csv
http://en.wikipedia.org/?curid=2933761,1-2933761-1.html.csv
http://en.wikipedia.org/?curid=11566142,2-11566142-1.html.csv
http://en.wikipedia.org/?curid=17760670,2-17760670-5.html.csv
http://en.wikipedia.org/?curid=17311797,2-17311797-7.html.csv
http://en.wikipedia.org/?curid=13041602,2-13041602-6.html.csv
http://en.wikipedia.org/?curid=149693,2-149693-1.html.csv
http://en.wikipedia.org/?curid=14752049,2-14752049-4.html.csv
http://en.wikipedia.org/?curid=11963735,2-11963735-4.html.csv
http://en.wikipedia.org/?curid=11630008,2-11630008-8.html.csv
http://en.wikipedia.org/?curid=17311812,2-17311812-7.html.csv
http://en.wikipedia.org/?curid=1179778,2-1179778-1.html.csv
http://en.wikipedia.org/?curid=12535990,2-12535990-1.html.csv
http://en.wikipedia.org/?curid=15194193,2-15194193-3.html.csv
http://en.wikipedia.org/?curid=18598581,2-18598581-2.html.csv
http://en.wikipedia.org/?curid=17455843,2-17455843-2.html.csv
http://en.wikipedia.org/?curid=28059992,1-28059992-1.html.csv
http://en.wikipedia.org/?curid=14175075,2-14175075-5.html.csv
http://en.wikipedia.org/?curid=12206689,2-12206689-4.html.csv
http://en.wikipedia.org/?curid=16212245,2-16212245-1.html.csv
http://en.wikipedia.org/?curid=15558076,2-15558076-1.html.csv
http://en.wikipedia.org/?curid=25030512,1-25030512-41.html.csv
http://en.wikipedia.org/?curid=15177130,2-15177130-1.html.csv
http://en.wikipedia.org/?curid=15389424,2-15389424-1.html.csv
http://en.wikipedia.org/?curid=1520559,2-1520559-1.html.csv
http://en.wikipedia.org/?curid=1123236,2-1123236-2.html.csv
http://en.wikipedia.org/?curid=2649597,1-2649597-1.html.csv
http://en.wikipedia.org/?curid=18122130,2-18122130-2.html.csv
http://en.wikipedia.org/?curid=10826072,2-10826072-12.html.csv
http://en.wikipedia.org/?curid=15621965,2-15621965-11.html.csv
http://en.wikipedia.org/?curid=18662026,2-18662026-3.html.csv
http://en.wikipedia.org/?curid=17684663,2-17684663-3.html.csv
http://en.wikipedia.org/?curid=11737744,2-11737744-5.html.csv
http://en.wikipedia.org/?curid=11867642,2-11867642-3.html.csv
http://en.wikipedia.org/?curid=12792876,2-12792876-1.html.csv
http://en.wikipedia.org/?curid=15957062,2-15957062-7.html.csv
http://en.wikipedia.org/?curid=17337904,2-17337904-12.html.csv
http://en.wikipedia.org/?curid=27722734,1-27722734-12.html.csv
http://en.wikipedia.org/?curid=10521952,2-10521952-3.html.csv
http://en.wikipedia.org/?curid=18178608,2-18178608-9.html.csv
http://en.wikipedia.org/?curid=25847911,1-25847911-1.html.csv
http://en.wikipedia.org/?curid=15038728,2-15038728-5.html.csv
http://en.wikipedia.org/?curid=14924851,2-14924851-1.html.csv
http://en.wikipedia.org/?curid=1722194,2-1722194-5.html.csv
http://en.wikipedia.org/?curid=28138035,1-28138035-20.html.csv
http://en.wikipedia.org/?curid=160994,2-160994-4.html.csv
http://en.wikipedia.org/?curid=174663,2-174663-2.html.csv
http://en.wikipedia.org/?curid=17290101,2-17290101-4.html.csv
http://en.wikipedia.org/?curid=1027162,2-1027162-1.html.csv
http://en.wikipedia.org/?curid=10826072,2-10826072-21.html.csv
http://en.wikipedia.org/?curid=10790397,2-10790397-10.html.csv
http://en.wikipedia.org/?curid=161972,2-161972-5.html.csv
http://en.wikipedia.org/?curid=1846235,2-1846235-1.html.csv
http://en.wikipedia.org/?curid=1050189,2-1050189-1.html.csv
http://en.wikipedia.org/?curid=18762971,2-18762971-2.html.csv
http://en.wikipedia.org/?curid=1114755,2-1114755-1.html.csv
http://en.wikipedia.org/?curid=18985137,2-18985137-1.html.csv
http://en.wikipedia.org/?curid=15029747,2-15029747-1.html.csv
http://en.wikipedia.org/?curid=14670286,2-14670286-4.html.csv
http://en.wikipedia.org/?curid=15008664,2-15008664-2.html.csv
http://en.wikipedia.org/?curid=24560733,1-24560733-1.html.csv
http://en.wikipedia.org/?curid=1507431,2-1507431-4.html.csv
http://en.wikipedia.org/?curid=11713403,2-11713403-3.html.csv
http://en.wikipedia.org/?curid=12261872,2-12261872-2.html.csv
http://en.wikipedia.org/?curid=17371135,2-17371135-8.html.csv
http://en.wikipedia.org/?curid=18648572,2-18648572-1.html.csv
http://en.wikipedia.org/?curid=17064421,2-17064421-1.html.csv
http://en.wikipedia.org/?curid=15869204,2-15869204-4.html.csv
http://en.wikipedia.org/?curid=18499677,2-18499677-12.html.csv
http://en.wikipedia.org/?curid=18025901,2-18025901-1.html.csv
http://en.wikipedia.org/?curid=14971788,2-14971788-1.html.csv
http://en.wikipedia.org/?curid=17626681,2-17626681-10.html.csv
http://en.wikipedia.org/?curid=15753390,2-15753390-1.html.csv
http://en.wikipedia.org/?curid=153162,2-153162-1.html.csv
http://en.wikipedia.org/?curid=16740136,2-16740136-1.html.csv
http://en.wikipedia.org/?curid=1122039,2-1122039-1.html.csv
http://en.wikipedia.org/?curid=14844461,2-14844461-2.html.csv
http://en.wikipedia.org/?curid=1805191,2-1805191-33.html.csv
http://en.wikipedia.org/?curid=24584486,1-24584486-1.html.csv
http://en.wikipedia.org/?curid=10750694,2-10750694-19.html.csv
http://en.wikipedia.org/?curid=15378820,2-15378820-1.html.csv
http://en.wikipedia.org/?curid=10789881,2-10789881-10.html.csv
http://en.wikipedia.org/?curid=23886181,1-23886181-1.html.csv
http://en.wikipedia.org/?curid=15845253,2-15845253-1.html.csv
http://en.wikipedia.org/?curid=14344570,2-14344570-5.html.csv
http://en.wikipedia.org/?curid=16142610,2-16142610-11.html.csv
http://en.wikipedia.org/?curid=17325580,2-17325580-10.html.csv
http://en.wikipedia.org/?curid=12614827,2-12614827-2.html.csv
http://en.wikipedia.org/?curid=12509095,2-12509095-16.html.csv
http://en.wikipedia.org/?curid=15387537,2-15387537-1.html.csv
http://en.wikipedia.org/?curid=14320222,2-14320222-6.html.csv
http://en.wikipedia.org/?curid=1169552,2-1169552-16.html.csv
http://en.wikipedia.org/?curid=10784349,2-10784349-18.html.csv
http://en.wikipedia.org/?curid=10310098,2-10310098-2.html.csv
http://en.wikipedia.org/?curid=1615980,2-1615980-8.html.csv
http://en.wikipedia.org/?curid=12450336,2-12450336-19.html.csv
http://en.wikipedia.org/?curid=10647639,2-10647639-1.html.csv
http://en.wikipedia.org/?curid=1290024,2-1290024-8.html.csv
http://en.wikipedia.org/?curid=1706942,2-1706942-1.html.csv
http://en.wikipedia.org/?curid=1140522,2-1140522-3.html.csv
http://en.wikipedia.org/?curid=28498999,1-28498999-6.html.csv
http://en.wikipedia.org/?curid=17832085,2-17832085-4.html.csv
http://en.wikipedia.org/?curid=29294042,1-29294042-48.html.csv
http://en.wikipedia.org/?curid=14959598,2-14959598-9.html.csv
http://en.wikipedia.org/?curid=15524351,2-15524351-5.html.csv
http://en.wikipedia.org/?curid=10220460,2-10220460-2.html.csv
http://en.wikipedia.org/?curid=15647838,2-15647838-3.html.csv
http://en.wikipedia.org/?curid=10774891,2-10774891-18.html.csv
http://en.wikipedia.org/?curid=2503102,1-2503102-2.html.csv
http://en.wikipedia.org/?curid=14369924,2-14369924-1.html.csv
http://en.wikipedia.org/?curid=15663132,2-15663132-1.html.csv
http://en.wikipedia.org/?curid=1825661,2-1825661-2.html.csv
http://en.wikipedia.org/?curid=12207528,2-12207528-5.html.csv
http://en.wikipedia.org/?curid=14662246,2-14662246-5.html.csv
http://en.wikipedia.org/?curid=14244631,2-14244631-6.html.csv
http://en.wikipedia.org/?curid=1269400,2-1269400-1.html.csv
http://en.wikipedia.org/?curid=24910733,1-24910733-1.html.csv
http://en.wikipedia.org/?curid=167235,2-167235-4.html.csv
http://en.wikipedia.org/?curid=14057447,2-14057447-9.html.csv
http://en.wikipedia.org/?curid=12794433,2-12794433-3.html.csv
http://en.wikipedia.org/?curid=1226503,2-1226503-1.html.csv
http://en.wikipedia.org/?curid=10361861,2-10361861-2.html.csv
http://en.wikipedia.org/?curid=16326318,2-16326318-1.html.csv
http://en.wikipedia.org/?curid=10773616,2-10773616-16.html.csv
http://en.wikipedia.org/?curid=13913673,2-13913673-2.html.csv
http://en.wikipedia.org/?curid=1114709,2-1114709-2.html.csv
http://en.wikipedia.org/?curid=1363705,2-1363705-1.html.csv
http://en.wikipedia.org/?curid=14583258,2-14583258-3.html.csv
http://en.wikipedia.org/?curid=16590486,2-16590486-3.html.csv
http://en.wikipedia.org/?curid=11873099,2-11873099-17.html.csv
http://en.wikipedia.org/?curid=1100124,2-1100124-1.html.csv
http://en.wikipedia.org/?curid=1503551,2-1503551-1.html.csv
http://en.wikipedia.org/?curid=1145226,2-1145226-5.html.csv
http://en.wikipedia.org/?curid=17162268,2-17162268-2.html.csv
http://en.wikipedia.org/?curid=17786294,2-17786294-1.html.csv
http://en.wikipedia.org/?curid=157294,2-157294-1.html.csv
http://en.wikipedia.org/?curid=11048203,2-11048203-1.html.csv
http://en.wikipedia.org/?curid=17324893,2-17324893-3.html.csv
http://en.wikipedia.org/?curid=1122654,2-1122654-1.html.csv
http://en.wikipedia.org/?curid=18017936,2-18017936-2.html.csv
http://en.wikipedia.org/?curid=1520959,2-1520959-1.html.csv
http://en.wikipedia.org/?curid=23297,1-23297-3.html.csv
http://en.wikipedia.org/?curid=23285849,1-23285849-5.html.csv
http://en.wikipedia.org/?curid=14123212,2-14123212-1.html.csv
http://en.wikipedia.org/?curid=17637041,2-17637041-2.html.csv
http://en.wikipedia.org/?curid=13949437,2-13949437-2.html.csv
http://en.wikipedia.org/?curid=1235883,2-1235883-1.html.csv
http://en.wikipedia.org/?curid=17944591,2-17944591-1.html.csv
http://en.wikipedia.org/?curid=18169845,2-18169845-1.html.csv
http://en.wikipedia.org/?curid=15179545,2-15179545-1.html.csv
http://en.wikipedia.org/?curid=10660136,2-10660136-4.html.csv
http://en.wikipedia.org/?curid=18813729,2-18813729-2.html.csv
http://en.wikipedia.org/?curid=12446715,2-12446715-4.html.csv
http://en.wikipedia.org/?curid=180342,2-180342-8.html.csv
http://en.wikipedia.org/?curid=12209065,2-12209065-5.html.csv
http://en.wikipedia.org/?curid=2540803,1-2540803-2.html.csv
http://en.wikipedia.org/?curid=10167122,2-10167122-1.html.csv
http://en.wikipedia.org/?curid=17140608,2-17140608-10.html.csv
http://en.wikipedia.org/?curid=11677760,2-11677760-10.html.csv
http://en.wikipedia.org/?curid=10669284,2-10669284-1.html.csv
http://en.wikipedia.org/?curid=17100961,2-17100961-62.html.csv
http://en.wikipedia.org/?curid=2850912,1-2850912-3.html.csv
http://en.wikipedia.org/?curid=17467244,2-17467244-2.html.csv
http://en.wikipedia.org/?curid=10637415,2-10637415-3.html.csv
http://en.wikipedia.org/?curid=18700010,2-18700010-1.html.csv
http://en.wikipedia.org/?curid=1023035,2-1023035-3.html.csv
http://en.wikipedia.org/?curid=14202514,2-14202514-1.html.csv
http://en.wikipedia.org/?curid=27755784,1-27755784-10.html.csv
http://en.wikipedia.org/?curid=24028176,1-24028176-2.html.csv
http://en.wikipedia.org/?curid=11097420,2-11097420-1.html.csv
http://en.wikipedia.org/?curid=11634225,2-11634225-1.html.csv
http://en.wikipedia.org/?curid=1103715,2-1103715-1.html.csv
http://en.wikipedia.org/?curid=10788451,2-10788451-9.html.csv
http://en.wikipedia.org/?curid=11450911,2-11450911-2.html.csv
http://en.wikipedia.org/?curid=18255941,2-18255941-6.html.csv
http://en.wikipedia.org/?curid=18662679,2-18662679-3.html.csv
http://en.wikipedia.org/?curid=1230478,2-1230478-2.html.csv
http://en.wikipedia.org/?curid=16912111,2-16912111-3.html.csv
http://en.wikipedia.org/?curid=10776330,2-10776330-12.html.csv
http://en.wikipedia.org/?curid=16570286,2-16570286-3.html.csv
http://en.wikipedia.org/?curid=28298589,1-28298589-4.html.csv
http://en.wikipedia.org/?curid=2482547,1-2482547-5.html.csv
http://en.wikipedia.org/?curid=25983027,1-25983027-1.html.csv
http://en.wikipedia.org/?curid=13745048,2-13745048-3.html.csv
http://en.wikipedia.org/?curid=16176685,2-16176685-4.html.csv
http://en.wikipedia.org/?curid=167638,2-167638-3.html.csv
http://en.wikipedia.org/?curid=12367921,2-12367921-7.html.csv
http://en.wikipedia.org/?curid=18781567,2-18781567-2.html.csv
http://en.wikipedia.org/?curid=10656107,2-10656107-1.html.csv
http://en.wikipedia.org/?curid=14749151,2-14749151-1.html.csv
http://en.wikipedia.org/?curid=12988799,2-12988799-9.html.csv
http://en.wikipedia.org/?curid=15220147,2-15220147-3.html.csv
http://en.wikipedia.org/?curid=11452830,2-11452830-2.html.csv
http://en.wikipedia.org/?curid=1139087,2-1139087-2.html.csv
http://en.wikipedia.org/?curid=16376436,2-16376436-4.html.csv
http://en.wikipedia.org/?curid=11511365,2-11511365-6.html.csv
http://en.wikipedia.org/?curid=18639024,2-18639024-14.html.csv
http://en.wikipedia.org/?curid=28243691,1-28243691-1.html.csv
http://en.wikipedia.org/?curid=16287116,2-16287116-2.html.csv
http://en.wikipedia.org/?curid=14890430,2-14890430-2.html.csv
http://en.wikipedia.org/?curid=18607260,2-18607260-13.html.csv
http://en.wikipedia.org/?curid=14986292,2-14986292-1.html.csv
http://en.wikipedia.org/?curid=1722347,2-1722347-2.html.csv
http://en.wikipedia.org/?curid=18772558,2-18772558-9.html.csv
http://en.wikipedia.org/?curid=1385081,2-1385081-3.html.csv
http://en.wikipedia.org/?curid=180719,2-180719-1.html.csv
http://en.wikipedia.org/?curid=17206737,2-17206737-6.html.csv
http://en.wikipedia.org/?curid=17599325,2-17599325-1.html.csv
http://en.wikipedia.org/?curid=16851172,2-16851172-1.html.csv
http://en.wikipedia.org/?curid=18842944,2-18842944-2.html.csv
http://en.wikipedia.org/?curid=17811141,2-17811141-1.html.csv
http://en.wikipedia.org/?curid=18259953,2-18259953-6.html.csv
http://en.wikipedia.org/?curid=11756731,2-11756731-10.html.csv
http://en.wikipedia.org/?curid=10746808,2-10746808-7.html.csv
http://en.wikipedia.org/?curid=1570274,2-1570274-4.html.csv
http://en.wikipedia.org/?curid=12186309,2-12186309-1.html.csv
http://en.wikipedia.org/?curid=17455843,2-17455843-5.html.csv
http://en.wikipedia.org/?curid=18974097,2-18974097-2.html.csv
http://en.wikipedia.org/?curid=17991356,2-17991356-3.html.csv
http://en.wikipedia.org/?curid=12392569,2-12392569-3.html.csv
http://en.wikipedia.org/?curid=14783550,2-14783550-1.html.csv
http://en.wikipedia.org/?curid=1620397,2-1620397-5.html.csv
http://en.wikipedia.org/?curid=17290150,2-17290150-5.html.csv
http://en.wikipedia.org/?curid=10869646,2-10869646-20.html.csv
http://en.wikipedia.org/?curid=11138928,2-11138928-1.html.csv
http://en.wikipedia.org/?curid=14640450,2-14640450-3.html.csv
http://en.wikipedia.org/?curid=1756688,2-1756688-1.html.csv
http://en.wikipedia.org/?curid=14841421,2-14841421-2.html.csv
http://en.wikipedia.org/?curid=1053453,2-1053453-8.html.csv
http://en.wikipedia.org/?curid=10289926,2-10289926-9.html.csv
http://en.wikipedia.org/?curid=15494883,2-15494883-26.html.csv
http://en.wikipedia.org/?curid=12275654,2-12275654-1.html.csv
http://en.wikipedia.org/?curid=16055831,2-16055831-2.html.csv
http://en.wikipedia.org/?curid=17674688,2-17674688-2.html.csv
http://en.wikipedia.org/?curid=15968208,2-15968208-6.html.csv
http://en.wikipedia.org/?curid=18936749,2-18936749-1.html.csv
http://en.wikipedia.org/?curid=10621888,2-10621888-3.html.csv
http://en.wikipedia.org/?curid=1332332,2-1332332-1.html.csv
http://en.wikipedia.org/?curid=11137150,2-11137150-4.html.csv
http://en.wikipedia.org/?curid=10809351,2-10809351-5.html.csv
http://en.wikipedia.org/?curid=15191894,2-15191894-1.html.csv
http://en.wikipedia.org/?curid=14565148,2-14565148-5.html.csv
http://en.wikipedia.org/?curid=17306260,2-17306260-1.html.csv
http://en.wikipedia.org/?curid=13189034,2-13189034-1.html.csv
http://en.wikipedia.org/?curid=11961051,2-11961051-5.html.csv
http://en.wikipedia.org/?curid=15163175,2-15163175-2.html.csv
http://en.wikipedia.org/?curid=178242,2-178242-2.html.csv
http://en.wikipedia.org/?curid=12774720,2-12774720-3.html.csv
http://en.wikipedia.org/?curid=11561548,2-11561548-9.html.csv
http://en.wikipedia.org/?curid=10776330,2-10776330-7.html.csv
http://en.wikipedia.org/?curid=17162239,2-17162239-5.html.csv
http://en.wikipedia.org/?curid=1226463,2-1226463-1.html.csv
http://en.wikipedia.org/?curid=1218008,2-1218008-1.html.csv
http://en.wikipedia.org/?curid=1671401,2-1671401-1.html.csv
http://en.wikipedia.org/?curid=10563642,2-10563642-3.html.csv
http://en.wikipedia.org/?curid=2897457,1-2897457-4.html.csv
http://en.wikipedia.org/?curid=15100419,2-15100419-7.html.csv
http://en.wikipedia.org/?curid=11902366,2-11902366-4.html.csv
http://en.wikipedia.org/?curid=1210297,2-1210297-2.html.csv
http://en.wikipedia.org/?curid=17344651,2-17344651-6.html.csv
http://en.wikipedia.org/?curid=1803594,2-1803594-1.html.csv
http://en.wikipedia.org/?curid=10966872,2-10966872-2.html.csv
http://en.wikipedia.org/?curid=11963209,2-11963209-7.html.csv
http://en.wikipedia.org/?curid=17058178,2-17058178-8.html.csv
http://en.wikipedia.org/?curid=10282772,2-10282772-2.html.csv
http://en.wikipedia.org/?curid=1563605,2-1563605-1.html.csv
http://en.wikipedia.org/?curid=2417308,1-2417308-3.html.csv
http://en.wikipedia.org/?curid=11154357,2-11154357-4.html.csv
http://en.wikipedia.org/?curid=10790651,2-10790651-10.html.csv
http://en.wikipedia.org/?curid=23286158,1-23286158-7.html.csv
http://en.wikipedia.org/?curid=27610775,1-27610775-1.html.csv
http://en.wikipedia.org/?curid=11739153,2-11739153-7.html.csv
http://en.wikipedia.org/?curid=16002638,2-16002638-1.html.csv
http://en.wikipedia.org/?curid=18084,2-18084-3.html.csv
http://en.wikipedia.org/?curid=16386910,2-16386910-4.html.csv
http://en.wikipedia.org/?curid=15353223,2-15353223-1.html.csv
http://en.wikipedia.org/?curid=10776868,2-10776868-9.html.csv
http://en.wikipedia.org/?curid=11945691,2-11945691-3.html.csv
http://en.wikipedia.org/?curid=12454334,2-12454334-1.html.csv
http://en.wikipedia.org/?curid=11782763,2-11782763-1.html.csv
http://en.wikipedia.org/?curid=18569021,2-18569021-5.html.csv
http://en.wikipedia.org/?curid=17511295,2-17511295-5.html.csv
http://en.wikipedia.org/?curid=11035487,2-11035487-1.html.csv
http://en.wikipedia.org/?curid=17807586,2-17807586-1.html.csv
http://en.wikipedia.org/?curid=18847736,2-18847736-2.html.csv
http://en.wikipedia.org/?curid=10537807,2-10537807-4.html.csv
http://en.wikipedia.org/?curid=10932739,2-10932739-2.html.csv
http://en.wikipedia.org/?curid=12207924,2-12207924-4.html.csv
http://en.wikipedia.org/?curid=18496100,2-18496100-2.html.csv
http://en.wikipedia.org/?curid=25438110,1-25438110-5.html.csv
http://en.wikipedia.org/?curid=12161422,2-12161422-23.html.csv
http://en.wikipedia.org/?curid=10775890,2-10775890-10.html.csv
http://en.wikipedia.org/?curid=10869646,2-10869646-12.html.csv
http://en.wikipedia.org/?curid=14611590,2-14611590-4.html.csv
http://en.wikipedia.org/?curid=2731431,1-2731431-1.html.csv
http://en.wikipedia.org/?curid=12320552,2-12320552-17.html.csv
http://en.wikipedia.org/?curid=10897046,2-10897046-5.html.csv
http://en.wikipedia.org/?curid=12206617,2-12206617-3.html.csv
http://en.wikipedia.org/?curid=12206178,2-12206178-4.html.csv
http://en.wikipedia.org/?curid=15346009,2-15346009-4.html.csv
http://en.wikipedia.org/?curid=17557270,2-17557270-1.html.csv
http://en.wikipedia.org/?curid=18060467,2-18060467-5.html.csv
http://en.wikipedia.org/?curid=10774891,2-10774891-12.html.csv
http://en.wikipedia.org/?curid=17344651,2-17344651-5.html.csv
http://en.wikipedia.org/?curid=16382861,2-16382861-1.html.csv
http://en.wikipedia.org/?curid=18961052,2-18961052-1.html.csv
http://en.wikipedia.org/?curid=13552019,2-13552019-7.html.csv
http://en.wikipedia.org/?curid=1621705,2-1621705-1.html.csv
http://en.wikipedia.org/?curid=180200,2-180200-1.html.csv
http://en.wikipedia.org/?curid=12322518,2-12322518-3.html.csv
http://en.wikipedia.org/?curid=15122771,2-15122771-2.html.csv
http://en.wikipedia.org/?curid=13908184,2-13908184-17.html.csv
http://en.wikipedia.org/?curid=11603116,2-11603116-4.html.csv
http://en.wikipedia.org/?curid=11803648,2-11803648-18.html.csv
http://en.wikipedia.org/?curid=12449312,2-12449312-2.html.csv
http://en.wikipedia.org/?curid=1233860,2-1233860-1.html.csv
http://en.wikipedia.org/?curid=11960196,2-11960196-3.html.csv
http://en.wikipedia.org/?curid=27011761,1-27011761-2.html.csv
http://en.wikipedia.org/?curid=10650028,2-10650028-1.html.csv
http://en.wikipedia.org/?curid=29584601,1-29584601-1.html.csv
http://en.wikipedia.org/?curid=17873606,2-17873606-7.html.csv
http://en.wikipedia.org/?curid=14655820,2-14655820-2.html.csv
http://en.wikipedia.org/?curid=15349635,2-15349635-1.html.csv
http://en.wikipedia.org/?curid=172426,2-172426-1.html.csv
http://en.wikipedia.org/?curid=1530048,2-1530048-1.html.csv
http://en.wikipedia.org/?curid=15679812,2-15679812-3.html.csv
http://en.wikipedia.org/?curid=15334146,2-15334146-1.html.csv
http://en.wikipedia.org/?curid=14100026,2-14100026-6.html.csv
http://en.wikipedia.org/?curid=1725690,2-1725690-2.html.csv
http://en.wikipedia.org/?curid=150343,2-150343-3.html.csv
http://en.wikipedia.org/?curid=14282690,2-14282690-16.html.csv
http://en.wikipedia.org/?curid=1438835,2-1438835-1.html.csv
http://en.wikipedia.org/?curid=18561011,2-18561011-2.html.csv
http://en.wikipedia.org/?curid=17747000,2-17747000-1.html.csv
http://en.wikipedia.org/?curid=17990473,2-17990473-1.html.csv
http://en.wikipedia.org/?curid=1127788,2-1127788-3.html.csv
http://en.wikipedia.org/?curid=23117208,1-23117208-5.html.csv
http://en.wikipedia.org/?curid=12076689,2-12076689-7.html.csv
http://en.wikipedia.org/?curid=18493407,2-18493407-1.html.csv
http://en.wikipedia.org/?curid=26464364,1-26464364-1.html.csv
http://en.wikipedia.org/?curid=17231086,2-17231086-6.html.csv
http://en.wikipedia.org/?curid=12193971,2-12193971-2.html.csv
http://en.wikipedia.org/?curid=14851245,2-14851245-3.html.csv
http://en.wikipedia.org/?curid=29920800,1-29920800-1.html.csv
http://en.wikipedia.org/?curid=101336,2-101336-1.html.csv
http://en.wikipedia.org/?curid=13312898,2-13312898-1.html.csv
http://en.wikipedia.org/?curid=11677760,2-11677760-22.html.csv
http://en.wikipedia.org/?curid=2668298,1-2668298-19.html.csv
http://en.wikipedia.org/?curid=11677100,2-11677100-6.html.csv
http://en.wikipedia.org/?curid=15764352,2-15764352-1.html.csv
http://en.wikipedia.org/?curid=1834853,2-1834853-3.html.csv
http://en.wikipedia.org/?curid=1727962,2-1727962-5.html.csv
http://en.wikipedia.org/?curid=16366700,2-16366700-2.html.csv
http://en.wikipedia.org/?curid=11847348,2-11847348-3.html.csv
http://en.wikipedia.org/?curid=1137274,2-1137274-4.html.csv
http://en.wikipedia.org/?curid=10789881,2-10789881-4.html.csv
http://en.wikipedia.org/?curid=15331382,2-15331382-2.html.csv
http://en.wikipedia.org/?curid=1257226,2-1257226-3.html.csv
http://en.wikipedia.org/?curid=1035855,2-1035855-1.html.csv
http://en.wikipedia.org/?curid=13219504,2-13219504-10.html.csv
http://en.wikipedia.org/?curid=15621965,2-15621965-7.html.csv
http://en.wikipedia.org/?curid=24132054,1-24132054-1.html.csv
http://en.wikipedia.org/?curid=10814471,2-10814471-4.html.csv
http://en.wikipedia.org/?curid=10776330,2-10776330-18.html.csv
http://en.wikipedia.org/?curid=1123324,2-1123324-2.html.csv
http://en.wikipedia.org/?curid=10361426,2-10361426-2.html.csv
http://en.wikipedia.org/?curid=147235,2-147235-16.html.csv
http://en.wikipedia.org/?curid=14643093,2-14643093-1.html.csv
http://en.wikipedia.org/?curid=13932013,2-13932013-1.html.csv
http://en.wikipedia.org/?curid=1612222,2-1612222-2.html.csv
http://en.wikipedia.org/?curid=25614153,1-25614153-1.html.csv
http://en.wikipedia.org/?curid=17445415,2-17445415-2.html.csv
http://en.wikipedia.org/?curid=18156552,2-18156552-1.html.csv
http://en.wikipedia.org/?curid=18781865,2-18781865-4.html.csv
http://en.wikipedia.org/?curid=16653153,2-16653153-30.html.csv
http://en.wikipedia.org/?curid=18576668,2-18576668-1.html.csv
http://en.wikipedia.org/?curid=10790397,2-10790397-7.html.csv
http://en.wikipedia.org/?curid=10809351,2-10809351-8.html.csv
http://en.wikipedia.org/?curid=171666,2-171666-1.html.csv
http://en.wikipedia.org/?curid=15278857,2-15278857-2.html.csv
http://en.wikipedia.org/?curid=1096038,2-1096038-12.html.csv
http://en.wikipedia.org/?curid=10631744,2-10631744-2.html.csv
http://en.wikipedia.org/?curid=2850912,1-2850912-7.html.csv
http://en.wikipedia.org/?curid=167235,2-167235-8.html.csv
http://en.wikipedia.org/?curid=27744844,1-27744844-7.html.csv
http://en.wikipedia.org/?curid=11233501,2-11233501-3.html.csv
http://en.wikipedia.org/?curid=18715280,2-18715280-4.html.csv
http://en.wikipedia.org/?curid=12206243,2-12206243-10.html.csv
http://en.wikipedia.org/?curid=15547694,2-15547694-1.html.csv
http://en.wikipedia.org/?curid=15090962,2-15090962-1.html.csv
http://en.wikipedia.org/?curid=27784580,1-27784580-1.html.csv
http://en.wikipedia.org/?curid=14195712,2-14195712-1.html.csv
http://en.wikipedia.org/?curid=18314300,2-18314300-1.html.csv
http://en.wikipedia.org/?curid=12269075,2-12269075-1.html.csv
http://en.wikipedia.org/?curid=10809823,2-10809823-14.html.csv
http://en.wikipedia.org/?curid=11735769,2-11735769-3.html.csv
http://en.wikipedia.org/?curid=13566976,2-13566976-7.html.csv
http://en.wikipedia.org/?curid=15201858,2-15201858-1.html.csv
http://en.wikipedia.org/?curid=12206243,2-12206243-5.html.csv
http://en.wikipedia.org/?curid=12058560,2-12058560-1.html.csv
http://en.wikipedia.org/?curid=18726561,2-18726561-5.html.csv
http://en.wikipedia.org/?curid=16474033,2-16474033-9.html.csv
http://en.wikipedia.org/?curid=11312764,2-11312764-4.html.csv
http://en.wikipedia.org/?curid=17200019,2-17200019-10.html.csv
http://en.wikipedia.org/?curid=1122933,2-1122933-2.html.csv
http://en.wikipedia.org/?curid=2602958,1-2602958-4.html.csv
http://en.wikipedia.org/?curid=12531523,2-12531523-1.html.csv
http://en.wikipedia.org/?curid=15264525,2-15264525-1.html.csv
http://en.wikipedia.org/?curid=25368177,1-25368177-1.html.csv
http://en.wikipedia.org/?curid=18593648,2-18593648-14.html.csv
http://en.wikipedia.org/?curid=1762882,2-1762882-13.html.csv
http://en.wikipedia.org/?curid=12076353,2-12076353-1.html.csv
http://en.wikipedia.org/?curid=14101654,2-14101654-10.html.csv
http://en.wikipedia.org/?curid=1377586,2-1377586-1.html.csv
http://en.wikipedia.org/?curid=10807673,2-10807673-8.html.csv
http://en.wikipedia.org/?curid=12546630,2-12546630-1.html.csv
http://en.wikipedia.org/?curid=10869646,2-10869646-7.html.csv
http://en.wikipedia.org/?curid=17932930,2-17932930-3.html.csv
http://en.wikipedia.org/?curid=18154969,2-18154969-1.html.csv
http://en.wikipedia.org/?curid=17438913,2-17438913-3.html.csv
http://en.wikipedia.org/?curid=11873099,2-11873099-3.html.csv
http://en.wikipedia.org/?curid=15826161,2-15826161-2.html.csv
http://en.wikipedia.org/?curid=17503198,2-17503198-4.html.csv
http://en.wikipedia.org/?curid=2668393,1-2668393-10.html.csv
http://en.wikipedia.org/?curid=16910989,2-16910989-5.html.csv
http://en.wikipedia.org/?curid=18424482,2-18424482-2.html.csv
http://en.wikipedia.org/?curid=16343705,2-16343705-3.html.csv
http://en.wikipedia.org/?curid=12207528,2-12207528-2.html.csv
http://en.wikipedia.org/?curid=1140097,2-1140097-1.html.csv
http://en.wikipedia.org/?curid=25800134,1-25800134-16.html.csv
http://en.wikipedia.org/?curid=11713303,2-11713303-2.html.csv
http://en.wikipedia.org/?curid=1877416,2-1877416-2.html.csv
http://en.wikipedia.org/?curid=14305653,2-14305653-58.html.csv
http://en.wikipedia.org/?curid=1198175,2-1198175-1.html.csv
http://en.wikipedia.org/?curid=15486062,2-15486062-1.html.csv
http://en.wikipedia.org/?curid=11667521,2-11667521-17.html.csv
http://en.wikipedia.org/?curid=11921877,2-11921877-4.html.csv
http://en.wikipedia.org/?curid=1598242,2-1598242-3.html.csv
http://en.wikipedia.org/?curid=16953587,2-16953587-4.html.csv
http://en.wikipedia.org/?curid=1137694,2-1137694-3.html.csv
http://en.wikipedia.org/?curid=10753786,2-10753786-4.html.csv
http://en.wikipedia.org/?curid=16474033,2-16474033-6.html.csv
http://en.wikipedia.org/?curid=1205598,2-1205598-2.html.csv
http://en.wikipedia.org/?curid=17634218,2-17634218-19.html.csv
http://en.wikipedia.org/?curid=1564278,2-1564278-3.html.csv
http://en.wikipedia.org/?curid=1224141,2-1224141-2.html.csv
http://en.wikipedia.org/?curid=10806592,2-10806592-9.html.csv
http://en.wikipedia.org/?curid=15184672,2-15184672-3.html.csv
http://en.wikipedia.org/?curid=15544826,2-15544826-1.html.csv
http://en.wikipedia.org/?curid=27744976,1-27744976-11.html.csv
http://en.wikipedia.org/?curid=11051845,2-11051845-5.html.csv
http://en.wikipedia.org/?curid=18844321,2-18844321-1.html.csv
http://en.wikipedia.org/?curid=12406580,2-12406580-1.html.csv
http://en.wikipedia.org/?curid=1408278,2-1408278-5.html.csv
http://en.wikipedia.org/?curid=13117332,2-13117332-1.html.csv
http://en.wikipedia.org/?curid=1421422,2-1421422-10.html.csv
http://en.wikipedia.org/?curid=11266821,2-11266821-1.html.csv
http://en.wikipedia.org/?curid=16981551,2-16981551-2.html.csv
http://en.wikipedia.org/?curid=18792952,2-18792952-6.html.csv
http://en.wikipedia.org/?curid=29063233,1-29063233-1.html.csv
http://en.wikipedia.org/?curid=14562754,2-14562754-1.html.csv
http://en.wikipedia.org/?curid=17110962,2-17110962-1.html.csv
http://en.wikipedia.org/?curid=10823719,2-10823719-14.html.csv
http://en.wikipedia.org/?curid=254234,1-254234-1.html.csv
http://en.wikipedia.org/?curid=14115168,2-14115168-4.html.csv
http://en.wikipedia.org/?curid=15272585,2-15272585-8.html.csv
http://en.wikipedia.org/?curid=17383465,2-17383465-1.html.csv
http://en.wikipedia.org/?curid=17877429,2-17877429-1.html.csv
http://en.wikipedia.org/?curid=1206583,2-1206583-1.html.csv
http://en.wikipedia.org/?curid=10830492,2-10830492-6.html.csv
http://en.wikipedia.org/?curid=14895621,2-14895621-2.html.csv
http://en.wikipedia.org/?curid=17916431,2-17916431-2.html.csv
http://en.wikipedia.org/?curid=29556461,1-29556461-9.html.csv
http://en.wikipedia.org/?curid=262501,1-262501-1.html.csv
http://en.wikipedia.org/?curid=15985025,2-15985025-2.html.csv
http://en.wikipedia.org/?curid=1171445,2-1171445-1.html.csv
http://en.wikipedia.org/?curid=1755878,2-1755878-2.html.csv
http://en.wikipedia.org/?curid=18183510,2-18183510-18.html.csv
http://en.wikipedia.org/?curid=17941795,2-17941795-5.html.csv
http://en.wikipedia.org/?curid=11449311,2-11449311-2.html.csv
http://en.wikipedia.org/?curid=12261926,2-12261926-2.html.csv
http://en.wikipedia.org/?curid=1145226,2-1145226-3.html.csv
http://en.wikipedia.org/?curid=16779943,2-16779943-2.html.csv
http://en.wikipedia.org/?curid=14013485,2-14013485-3.html.csv
http://en.wikipedia.org/?curid=1219581,2-1219581-1.html.csv
http://en.wikipedia.org/?curid=11772462,2-11772462-4.html.csv
http://en.wikipedia.org/?curid=1664787,2-1664787-1.html.csv
http://en.wikipedia.org/?curid=1672976,2-1672976-1.html.csv
http://en.wikipedia.org/?curid=10608850,2-10608850-2.html.csv
http://en.wikipedia.org/?curid=10806852,2-10806852-2.html.csv
http://en.wikipedia.org/?curid=17626681,2-17626681-8.html.csv
http://en.wikipedia.org/?curid=16578883,2-16578883-3.html.csv
http://en.wikipedia.org/?curid=13312898,2-13312898-52.html.csv
http://en.wikipedia.org/?curid=13870048,2-13870048-3.html.csv
http://en.wikipedia.org/?curid=27700375,1-27700375-11.html.csv
http://en.wikipedia.org/?curid=23286158,1-23286158-10.html.csv
http://en.wikipedia.org/?curid=16351829,2-16351829-3.html.csv
http://en.wikipedia.org/?curid=11307139,2-11307139-5.html.csv
http://en.wikipedia.org/?curid=18646220,2-18646220-4.html.csv
http://en.wikipedia.org/?curid=10826385,2-10826385-15.html.csv
http://en.wikipedia.org/?curid=11803648,2-11803648-22.html.csv
http://en.wikipedia.org/?curid=10816490,2-10816490-4.html.csv
http://en.wikipedia.org/?curid=10773616,2-10773616-7.html.csv
http://en.wikipedia.org/?curid=10642140,2-10642140-3.html.csv
http://en.wikipedia.org/?curid=18130923,2-18130923-3.html.csv
http://en.wikipedia.org/?curid=27755603,1-27755603-10.html.csv
http://en.wikipedia.org/?curid=245800,1-245800-2.html.csv
http://en.wikipedia.org/?curid=16682451,2-16682451-1.html.csv
http://en.wikipedia.org/?curid=23508196,1-23508196-5.html.csv
http://en.wikipedia.org/?curid=14887186,2-14887186-1.html.csv
http://en.wikipedia.org/?curid=10808346,2-10808346-12.html.csv
http://en.wikipedia.org/?curid=1195142,2-1195142-2.html.csv
http://en.wikipedia.org/?curid=1160735,2-1160735-1.html.csv
http://en.wikipedia.org/?curid=17426846,2-17426846-5.html.csv
http://en.wikipedia.org/?curid=18191407,2-18191407-14.html.csv
http://en.wikipedia.org/?curid=16620096,2-16620096-1.html.csv
http://en.wikipedia.org/?curid=11938731,2-11938731-7.html.csv
http://en.wikipedia.org/?curid=18501314,2-18501314-1.html.csv
http://en.wikipedia.org/?curid=1219546,2-1219546-1.html.csv
http://en.wikipedia.org/?curid=10809823,2-10809823-6.html.csv
http://en.wikipedia.org/?curid=16193559,2-16193559-1.html.csv
http://en.wikipedia.org/?curid=16514480,2-16514480-3.html.csv
http://en.wikipedia.org/?curid=14323347,2-14323347-2.html.csv
http://en.wikipedia.org/?curid=15100419,2-15100419-13.html.csv
http://en.wikipedia.org/?curid=17344651,2-17344651-1.html.csv
http://en.wikipedia.org/?curid=16212384,2-16212384-2.html.csv
http://en.wikipedia.org/?curid=26250145,1-26250145-1.html.csv
http://en.wikipedia.org/?curid=14769579,2-14769579-3.html.csv
http://en.wikipedia.org/?curid=18045035,2-18045035-18.html.csv
http://en.wikipedia.org/?curid=15080761,2-15080761-3.html.csv
http://en.wikipedia.org/?curid=2342078,1-2342078-2.html.csv
http://en.wikipedia.org/?curid=17933602,2-17933602-1.html.csv
http://en.wikipedia.org/?curid=24565004,1-24565004-14.html.csv
http://en.wikipedia.org/?curid=13594823,2-13594823-1.html.csv
http://en.wikipedia.org/?curid=18169093,2-18169093-3.html.csv
http://en.wikipedia.org/?curid=10866507,2-10866507-1.html.csv
http://en.wikipedia.org/?curid=10362070,2-10362070-3.html.csv
http://en.wikipedia.org/?curid=17340355,2-17340355-10.html.csv
http://en.wikipedia.org/?curid=16225902,2-16225902-4.html.csv
http://en.wikipedia.org/?curid=1682026,2-1682026-9.html.csv
http://en.wikipedia.org/?curid=25304789,1-25304789-1.html.csv
http://en.wikipedia.org/?curid=29302711,1-29302711-13.html.csv
http://en.wikipedia.org/?curid=10790099,2-10790099-5.html.csv
http://en.wikipedia.org/?curid=17717526,2-17717526-12.html.csv
http://en.wikipedia.org/?curid=14610267,2-14610267-2.html.csv
http://en.wikipedia.org/?curid=17323092,2-17323092-8.html.csv
http://en.wikipedia.org/?curid=10263245,2-10263245-1.html.csv
http://en.wikipedia.org/?curid=13244501,2-13244501-6.html.csv
http://en.wikipedia.org/?curid=12817505,2-12817505-2.html.csv
http://en.wikipedia.org/?curid=10696381,2-10696381-3.html.csv
http://en.wikipedia.org/?curid=18934536,2-18934536-1.html.csv
http://en.wikipedia.org/?curid=1226543,2-1226543-6.html.csv
http://en.wikipedia.org/?curid=24901152,1-24901152-4.html.csv
http://en.wikipedia.org/?curid=17625749,2-17625749-2.html.csv
http://en.wikipedia.org/?curid=11312764,2-11312764-5.html.csv
http://en.wikipedia.org/?curid=13821848,2-13821848-1.html.csv
http://en.wikipedia.org/?curid=16013858,2-16013858-7.html.csv
http://en.wikipedia.org/?curid=1235742,2-1235742-1.html.csv
http://en.wikipedia.org/?curid=17624865,2-17624865-1.html.csv
http://en.wikipedia.org/?curid=13018091,2-13018091-1.html.csv
http://en.wikipedia.org/?curid=14303579,2-14303579-16.html.csv
http://en.wikipedia.org/?curid=10746808,2-10746808-4.html.csv
http://en.wikipedia.org/?curid=18078622,2-18078622-1.html.csv
http://en.wikipedia.org/?curid=18565896,2-18565896-1.html.csv
http://en.wikipedia.org/?curid=14305802,2-14305802-4.html.csv
http://en.wikipedia.org/?curid=166570,2-166570-2.html.csv
http://en.wikipedia.org/?curid=1111973,2-1111973-1.html.csv
http://en.wikipedia.org/?curid=14781412,2-14781412-8.html.csv
http://en.wikipedia.org/?curid=11128774,2-11128774-8.html.csv
http://en.wikipedia.org/?curid=1825751,2-1825751-2.html.csv
http://en.wikipedia.org/?curid=184806,2-184806-1.html.csv
http://en.wikipedia.org/?curid=18812209,2-18812209-20.html.csv
http://en.wikipedia.org/?curid=17387785,2-17387785-4.html.csv
http://en.wikipedia.org/?curid=17355628,2-17355628-9.html.csv
http://en.wikipedia.org/?curid=1446835,2-1446835-2.html.csv
http://en.wikipedia.org/?curid=25352318,1-25352318-1.html.csv
http://en.wikipedia.org/?curid=10885968,2-10885968-7.html.csv
http://en.wikipedia.org/?curid=10883333,2-10883333-20.html.csv
http://en.wikipedia.org/?curid=14020863,2-14020863-7.html.csv
http://en.wikipedia.org/?curid=15123292,2-15123292-1.html.csv
http://en.wikipedia.org/?curid=10746808,2-10746808-5.html.csv
http://en.wikipedia.org/?curid=1742186,2-1742186-16.html.csv
http://en.wikipedia.org/?curid=23014476,1-23014476-1.html.csv
http://en.wikipedia.org/?curid=10790397,2-10790397-6.html.csv
http://en.wikipedia.org/?curid=18624865,2-18624865-5.html.csv
http://en.wikipedia.org/?curid=10722506,2-10722506-4.html.csv
http://en.wikipedia.org/?curid=10061118,2-10061118-2.html.csv
http://en.wikipedia.org/?curid=14395920,2-14395920-1.html.csv
http://en.wikipedia.org/?curid=17486851,2-17486851-1.html.csv
http://en.wikipedia.org/?curid=12901325,2-12901325-10.html.csv
http://en.wikipedia.org/?curid=16893837,2-16893837-4.html.csv
http://en.wikipedia.org/?curid=11364514,2-11364514-2.html.csv
http://en.wikipedia.org/?curid=1221065,2-1221065-7.html.csv
http://en.wikipedia.org/?curid=1123329,2-1123329-2.html.csv
http://en.wikipedia.org/?curid=18122130,2-18122130-4.html.csv
http://en.wikipedia.org/?curid=15154539,2-15154539-6.html.csv
http://en.wikipedia.org/?curid=24924576,1-24924576-2.html.csv
http://en.wikipedia.org/?curid=18552926,2-18552926-7.html.csv
http://en.wikipedia.org/?curid=11623598,2-11623598-1.html.csv
http://en.wikipedia.org/?curid=1570558,2-1570558-1.html.csv
http://en.wikipedia.org/?curid=13761074,2-13761074-11.html.csv
http://en.wikipedia.org/?curid=17382411,2-17382411-4.html.csv
http://en.wikipedia.org/?curid=1756060,2-1756060-2.html.csv
http://en.wikipedia.org/?curid=1140112,2-1140112-5.html.csv
http://en.wikipedia.org/?curid=11535001,2-11535001-1.html.csv
http://en.wikipedia.org/?curid=18698934,2-18698934-2.html.csv
http://en.wikipedia.org/?curid=13844614,2-13844614-5.html.csv
http://en.wikipedia.org/?curid=17370522,2-17370522-15.html.csv
http://en.wikipedia.org/?curid=18947170,2-18947170-9.html.csv
http://en.wikipedia.org/?curid=11739153,2-11739153-3.html.csv
http://en.wikipedia.org/?curid=24143253,1-24143253-1.html.csv
http://en.wikipedia.org/?curid=28677723,1-28677723-5.html.csv
http://en.wikipedia.org/?curid=18789596,2-18789596-2.html.csv
http://en.wikipedia.org/?curid=12206056,2-12206056-8.html.csv
http://en.wikipedia.org/?curid=28132970,1-28132970-5.html.csv
http://en.wikipedia.org/?curid=1364343,2-1364343-4.html.csv
http://en.wikipedia.org/?curid=15399991,2-15399991-3.html.csv
http://en.wikipedia.org/?curid=18096431,2-18096431-7.html.csv
http://en.wikipedia.org/?curid=18169845,2-18169845-3.html.csv
http://en.wikipedia.org/?curid=16514480,2-16514480-5.html.csv
http://en.wikipedia.org/?curid=17807292,2-17807292-5.html.csv
http://en.wikipedia.org/?curid=26168687,1-26168687-3.html.csv
http://en.wikipedia.org/?curid=10779468,2-10779468-2.html.csv
http://en.wikipedia.org/?curid=17262467,2-17262467-1.html.csv
http://en.wikipedia.org/?curid=17915,2-17915-12.html.csv
http://en.wikipedia.org/?curid=18217231,2-18217231-2.html.csv
http://en.wikipedia.org/?curid=1640715,2-1640715-2.html.csv
http://en.wikipedia.org/?curid=17443121,2-17443121-2.html.csv
http://en.wikipedia.org/?curid=16823523,2-16823523-9.html.csv
http://en.wikipedia.org/?curid=12719328,2-12719328-2.html.csv
http://en.wikipedia.org/?curid=17736890,2-17736890-2.html.csv
http://en.wikipedia.org/?curid=11771022,2-11771022-8.html.csv
http://en.wikipedia.org/?curid=17188888,2-17188888-2.html.csv
http://en.wikipedia.org/?curid=13312898,2-13312898-28.html.csv
http://en.wikipedia.org/?curid=28210383,1-28210383-1.html.csv
http://en.wikipedia.org/?curid=18553497,2-18553497-4.html.csv
http://en.wikipedia.org/?curid=10766119,2-10766119-14.html.csv
http://en.wikipedia.org/?curid=15860092,2-15860092-6.html.csv
http://en.wikipedia.org/?curid=12423174,2-12423174-1.html.csv
http://en.wikipedia.org/?curid=1546813,2-1546813-1.html.csv
http://en.wikipedia.org/?curid=13298969,2-13298969-2.html.csv
http://en.wikipedia.org/?curid=17798269,2-17798269-8.html.csv
http://en.wikipedia.org/?curid=17514817,2-17514817-1.html.csv
http://en.wikipedia.org/?curid=11513647,2-11513647-4.html.csv
http://en.wikipedia.org/?curid=18178551,2-18178551-1.html.csv
http://en.wikipedia.org/?curid=15272646,2-15272646-6.html.csv
http://en.wikipedia.org/?curid=11218948,2-11218948-6.html.csv
http://en.wikipedia.org/?curid=10257,2-10257-5.html.csv
http://en.wikipedia.org/?curid=1122973,2-1122973-1.html.csv
http://en.wikipedia.org/?curid=17430068,2-17430068-2.html.csv
http://en.wikipedia.org/?curid=11787570,2-11787570-4.html.csv
http://en.wikipedia.org/?curid=169662,2-169662-2.html.csv
http://en.wikipedia.org/?curid=11570929,2-11570929-1.html.csv
http://en.wikipedia.org/?curid=18622227,2-18622227-6.html.csv
http://en.wikipedia.org/?curid=18674332,2-18674332-1.html.csv
http://en.wikipedia.org/?curid=23466021,1-23466021-4.html.csv
http://en.wikipedia.org/?curid=28051859,1-28051859-3.html.csv
http://en.wikipedia.org/?curid=13955731,2-13955731-4.html.csv
http://en.wikipedia.org/?curid=15250161,2-15250161-2.html.csv
http://en.wikipedia.org/?curid=14496392,2-14496392-1.html.csv
http://en.wikipedia.org/?curid=12472200,2-12472200-7.html.csv
http://en.wikipedia.org/?curid=18925638,2-18925638-1.html.csv
http://en.wikipedia.org/?curid=1291598,2-1291598-3.html.csv
http://en.wikipedia.org/?curid=11173692,2-11173692-2.html.csv
http://en.wikipedia.org/?curid=25551880,1-25551880-2.html.csv
http://en.wikipedia.org/?curid=17142388,2-17142388-1.html.csv
http://en.wikipedia.org/?curid=14978398,2-14978398-2.html.csv
http://en.wikipedia.org/?curid=1861948,2-1861948-2.html.csv
http://en.wikipedia.org/?curid=15009679,2-15009679-7.html.csv
http://en.wikipedia.org/?curid=1140106,2-1140106-1.html.csv
http://en.wikipedia.org/?curid=11221360,2-11221360-2.html.csv
http://en.wikipedia.org/?curid=13873532,2-13873532-1.html.csv
http://en.wikipedia.org/?curid=13566745,2-13566745-1.html.csv
http://en.wikipedia.org/?curid=17822046,2-17822046-1.html.csv
http://en.wikipedia.org/?curid=14860855,2-14860855-3.html.csv
http://en.wikipedia.org/?curid=1458666,2-1458666-4.html.csv
http://en.wikipedia.org/?curid=17814838,2-17814838-6.html.csv
http://en.wikipedia.org/?curid=170969,2-170969-2.html.csv
http://en.wikipedia.org/?curid=14255774,2-14255774-8.html.csv
http://en.wikipedia.org/?curid=17964087,2-17964087-2.html.csv
http://en.wikipedia.org/?curid=12582968,2-12582968-1.html.csv
http://en.wikipedia.org/?curid=14820149,2-14820149-3.html.csv
http://en.wikipedia.org/?curid=12392766,2-12392766-3.html.csv
http://en.wikipedia.org/?curid=1140095,2-1140095-1.html.csv
http://en.wikipedia.org/?curid=1123180,2-1123180-2.html.csv
http://en.wikipedia.org/?curid=2419754,1-2419754-1.html.csv
http://en.wikipedia.org/?curid=17746881,2-17746881-1.html.csv
http://en.wikipedia.org/?curid=23157997,1-23157997-13.html.csv
http://en.wikipedia.org/?curid=187504,2-187504-13.html.csv
http://en.wikipedia.org/?curid=18855244,2-18855244-2.html.csv
http://en.wikipedia.org/?curid=14076898,2-14076898-4.html.csv
http://en.wikipedia.org/?curid=16045118,2-16045118-20.html.csv
http://en.wikipedia.org/?curid=10234157,2-10234157-2.html.csv
http://en.wikipedia.org/?curid=11963735,2-11963735-4.html.csv
http://en.wikipedia.org/?curid=25030512,1-25030512-41.html.csv
http://en.wikipedia.org/?curid=15177130,2-15177130-1.html.csv
http://en.wikipedia.org/?curid=17337904,2-17337904-12.html.csv
http://en.wikipedia.org/?curid=25847911,1-25847911-1.html.csv
http://en.wikipedia.org/?curid=15029747,2-15029747-1.html.csv
http://en.wikipedia.org/?curid=11713403,2-11713403-3.html.csv
http://en.wikipedia.org/?curid=18025901,2-18025901-1.html.csv
http://en.wikipedia.org/?curid=24584486,1-24584486-1.html.csv
http://en.wikipedia.org/?curid=10750694,2-10750694-19.html.csv
http://en.wikipedia.org/?curid=17832085,2-17832085-4.html.csv
http://en.wikipedia.org/?curid=10774891,2-10774891-18.html.csv
http://en.wikipedia.org/?curid=1825661,2-1825661-2.html.csv
http://en.wikipedia.org/?curid=10361861,2-10361861-2.html.csv
http://en.wikipedia.org/?curid=10773616,2-10773616-16.html.csv
http://en.wikipedia.org/?curid=1100124,2-1100124-1.html.csv
http://en.wikipedia.org/?curid=11048203,2-11048203-1.html.csv
http://en.wikipedia.org/?curid=17324893,2-17324893-3.html.csv
http://en.wikipedia.org/?curid=1520959,2-1520959-1.html.csv
http://en.wikipedia.org/?curid=1235883,2-1235883-1.html.csv
http://en.wikipedia.org/?curid=18813729,2-18813729-2.html.csv
http://en.wikipedia.org/?curid=180342,2-180342-8.html.csv
http://en.wikipedia.org/?curid=12209065,2-12209065-5.html.csv
http://en.wikipedia.org/?curid=18662679,2-18662679-3.html.csv
http://en.wikipedia.org/?curid=16570286,2-16570286-3.html.csv
http://en.wikipedia.org/?curid=17599325,2-17599325-1.html.csv
http://en.wikipedia.org/?curid=1620397,2-1620397-5.html.csv
http://en.wikipedia.org/?curid=14841421,2-14841421-2.html.csv
http://en.wikipedia.org/?curid=13189034,2-13189034-1.html.csv
http://en.wikipedia.org/?curid=11902366,2-11902366-4.html.csv
http://en.wikipedia.org/?curid=2417308,1-2417308-3.html.csv
http://en.wikipedia.org/?curid=10790651,2-10790651-10.html.csv
http://en.wikipedia.org/?curid=11739153,2-11739153-7.html.csv
http://en.wikipedia.org/?curid=10897046,2-10897046-5.html.csv
http://en.wikipedia.org/?curid=18060467,2-18060467-5.html.csv
http://en.wikipedia.org/?curid=15122771,2-15122771-2.html.csv
http://en.wikipedia.org/?curid=12449312,2-12449312-2.html.csv
http://en.wikipedia.org/?curid=10650028,2-10650028-1.html.csv
http://en.wikipedia.org/?curid=150343,2-150343-3.html.csv
http://en.wikipedia.org/?curid=17747000,2-17747000-1.html.csv
http://en.wikipedia.org/?curid=23117208,1-23117208-5.html.csv
http://en.wikipedia.org/?curid=11677760,2-11677760-22.html.csv
http://en.wikipedia.org/?curid=1035855,2-1035855-1.html.csv
http://en.wikipedia.org/?curid=147235,2-147235-16.html.csv
http://en.wikipedia.org/?curid=1612222,2-1612222-2.html.csv
http://en.wikipedia.org/?curid=18781865,2-18781865-4.html.csv
http://en.wikipedia.org/?curid=16653153,2-16653153-30.html.csv
http://en.wikipedia.org/?curid=10809351,2-10809351-8.html.csv
http://en.wikipedia.org/?curid=171666,2-171666-1.html.csv
http://en.wikipedia.org/?curid=18715280,2-18715280-4.html.csv
http://en.wikipedia.org/?curid=10809823,2-10809823-14.html.csv
http://en.wikipedia.org/?curid=11312764,2-11312764-4.html.csv
http://en.wikipedia.org/?curid=1762882,2-1762882-13.html.csv
http://en.wikipedia.org/?curid=12546630,2-12546630-1.html.csv
http://en.wikipedia.org/?curid=18424482,2-18424482-2.html.csv
http://en.wikipedia.org/?curid=1877416,2-1877416-2.html.csv
http://en.wikipedia.org/?curid=14305653,2-14305653-58.html.csv
http://en.wikipedia.org/?curid=10753786,2-10753786-4.html.csv
http://en.wikipedia.org/?curid=16474033,2-16474033-6.html.csv
http://en.wikipedia.org/?curid=15544826,2-15544826-1.html.csv
http://en.wikipedia.org/?curid=1421422,2-1421422-10.html.csv
http://en.wikipedia.org/?curid=14895621,2-14895621-2.html.csv
http://en.wikipedia.org/?curid=10826385,2-10826385-15.html.csv
http://en.wikipedia.org/?curid=16620096,2-16620096-1.html.csv
http://en.wikipedia.org/?curid=10866507,2-10866507-1.html.csv
http://en.wikipedia.org/?curid=17340355,2-17340355-10.html.csv
http://en.wikipedia.org/?curid=16225902,2-16225902-4.html.csv
http://en.wikipedia.org/?curid=10790099,2-10790099-5.html.csv
http://en.wikipedia.org/?curid=1226543,2-1226543-6.html.csv
http://en.wikipedia.org/?curid=18078622,2-18078622-1.html.csv
http://en.wikipedia.org/?curid=17486851,2-17486851-1.html.csv
http://en.wikipedia.org/?curid=11364514,2-11364514-2.html.csv
http://en.wikipedia.org/?curid=1570558,2-1570558-1.html.csv
http://en.wikipedia.org/?curid=18096431,2-18096431-7.html.csv
http://en.wikipedia.org/?curid=18169845,2-18169845-3.html.csv
http://en.wikipedia.org/?curid=13312898,2-13312898-28.html.csv
http://en.wikipedia.org/?curid=11513647,2-11513647-4.html.csv
http://en.wikipedia.org/?curid=18178551,2-18178551-1.html.csv
http://en.wikipedia.org/?curid=23466021,1-23466021-4.html.csv
http://en.wikipedia.org/?curid=11173692,2-11173692-2.html.csv
http://en.wikipedia.org/?curid=25551880,1-25551880-2.html.csv
http://en.wikipedia.org/?curid=14860855,2-14860855-3.html.csv
